,gnd,record_number
0,gnd/12391132X,33
1,gnd/12391132X,1835
2,gnd/12391132X,8096
3,gnd/12391132X,13188
4,gnd/12391132X,21891
5,gnd/12391132X,26787
6,gnd/12391132X,114673
7,gnd/12391132X,136668
8,gnd/12391132X,169607
9,gnd/12391132X,180529
10,gnd/12391132X,180542
11,gnd/12391132X,202107
12,gnd/12391132X,202139
13,gnd/12391132X,202394
14,gnd/12391132X,202961
15,gnd/12391132X,213093
16,gnd/12391132X,213333
17,gnd/12391132X,213960
18,gnd/12391132X,213971
19,gnd/12391132X,213974
20,gnd/12391132X,224116
21,gnd/12391132X,224129
22,gnd/12391132X,224285
23,gnd/12391132X,224287
24,gnd/12391132X,224385
25,gnd/12391132X,224419
26,gnd/12391132X,224887
27,gnd/12391132X,225159
28,gnd/12391132X,225180
29,gnd/12391132X,225657
30,gnd/12391132X,225699
31,gnd/12391132X,225992
32,gnd/12391132X,233616
33,gnd/12391132X,234483
34,gnd/12391132X,234795
35,gnd/12391132X,234873
36,gnd/12391132X,235085
37,gnd/12391132X,235273
38,gnd/12391132X,235603
39,gnd/12391132X,235800
40,gnd/12391132X,236095
41,gnd/12391132X,236109
42,gnd/12391132X,236123
43,gnd/12391132X,236217
44,gnd/12391132X,236312
45,gnd/12391132X,236417
46,gnd/12391132X,236418
47,gnd/12391132X,236456
48,gnd/12391132X,236827
49,gnd/12391132X,236975
50,gnd/12391132X,237253
51,gnd/12391132X,237749
52,gnd/12391132X,238142
53,gnd/12391132X,238631
54,gnd/12391132X,238896
55,gnd/12391132X,239067
56,gnd/12391132X,239147
57,gnd/12391132X,239345
58,gnd/12391132X,239676
59,gnd/12391132X,239692
60,gnd/12391132X,239693
61,gnd/12391132X,239789
62,gnd/12391132X,239920
63,gnd/12391132X,239979
64,gnd/12391132X,240008
65,gnd/12391132X,240052
66,gnd/12391132X,240072
67,gnd/12391132X,240630
68,gnd/12391132X,240791
69,gnd/12391132X,240999
70,gnd/12391132X,241301
71,gnd/12391132X,241409
72,gnd/12391132X,241557
73,gnd/12391132X,241753
74,gnd/12391132X,242109
75,gnd/12391132X,242185
76,gnd/12391132X,242692
77,gnd/12391132X,242935
78,gnd/12391132X,243011
79,gnd/12391132X,243050
80,gnd/12391132X,243051
81,gnd/12391132X,243362
82,gnd/12391132X,243364
83,gnd/12391132X,243365
84,gnd/12391132X,243376
85,gnd/12391132X,243377
86,gnd/12391132X,243378
87,gnd/12391132X,244762
88,gnd/12391132X,244776
89,gnd/12391132X,244777
90,gnd/12391132X,245019
91,gnd/12391132X,245023
92,gnd/12391132X,245771
93,gnd/12391132X,246233
94,gnd/12391132X,247326
95,gnd/12391132X,247400
96,gnd/12391132X,247806
97,gnd/12391132X,247815
98,gnd/12391132X,248139
99,gnd/12391132X,248148
100,gnd/12391132X,248149
101,gnd/12391132X,248150
102,gnd/12391132X,248384
103,gnd/12391132X,248387
104,gnd/12391132X,248538
105,gnd/12391132X,248539
106,gnd/12391132X,248540
107,gnd/12391132X,248541
108,gnd/12391132X,248551
109,gnd/12391132X,248732
110,gnd/12391132X,249249
111,gnd/12391132X,249531
112,gnd/12391132X,249644
113,gnd/12391132X,249645
114,gnd/12391132X,250942
115,gnd/12391132X,251077
116,gnd/12391132X,251095
117,gnd/12391132X,251098
118,gnd/12391132X,251112
119,gnd/12391132X,251254
120,gnd/12391132X,251273
121,gnd/12391132X,251326
122,gnd/12391132X,251384
123,gnd/12391132X,251732
124,gnd/12391132X,251827
125,gnd/12391132X,252166
126,gnd/12391132X,252184
127,gnd/12391132X,252556
128,gnd/12391132X,252557
129,gnd/12391132X,252665
130,gnd/12391132X,252728
131,gnd/12391132X,252781
132,gnd/12391132X,252849
133,gnd/12391132X,252911
134,gnd/12391132X,253202
135,gnd/12391132X,253203
136,gnd/12391132X,253579
137,gnd/12391132X,254385
138,gnd/12391132X,254386
139,gnd/12391132X,254388
140,gnd/12391132X,254431
141,gnd/12391132X,254479
142,gnd/12391132X,254511
143,gnd/12391132X,255524
144,gnd/12391132X,255615
145,gnd/12391132X,255772
146,gnd/12391132X,255940
147,gnd/12391132X,256059
148,gnd/12391132X,256061
149,gnd/12391132X,256220
150,gnd/12391132X,256337
151,gnd/12391132X,256352
152,gnd/12391132X,256353
153,gnd/12391132X,256354
154,gnd/12391132X,256355
155,gnd/12391132X,256356
156,gnd/12391132X,256358
157,gnd/12391132X,256360
158,gnd/12391132X,256361
159,gnd/12391132X,256364
160,gnd/12391132X,256554
161,gnd/12391132X,256604
162,gnd/12391132X,256671
163,gnd/12391132X,256737
164,gnd/12391132X,256739
165,gnd/12391132X,256740
166,gnd/12391132X,257468
167,gnd/12391132X,257531
168,gnd/12391132X,257657
169,gnd/12391132X,257658
170,gnd/12391132X,257967
171,gnd/12391132X,258504
172,gnd/12391132X,258615
173,gnd/12391132X,258627
174,gnd/12391132X,258844
175,gnd/12391132X,259011
176,gnd/12391132X,259638
177,gnd/12391132X,259642
178,gnd/12391132X,259726
179,gnd/12391132X,259805
180,gnd/12391132X,259999
181,gnd/12391132X,260128
182,gnd/12391132X,260332
183,gnd/12391132X,260333
184,gnd/12391132X,260334
185,gnd/12391132X,260442
186,gnd/12391132X,260550
187,gnd/12391132X,261567
188,gnd/12391132X,261579
189,gnd/12391132X,262142
190,gnd/12391132X,262207
191,gnd/12391132X,262419
192,gnd/12391132X,262682
193,gnd/12391132X,262712
194,gnd/12391132X,262716
195,gnd/12391132X,262820
196,gnd/12391132X,262851
197,gnd/12391132X,262974
198,gnd/12391132X,263268
199,gnd/12391132X,263276
200,gnd/12391132X,263277
201,gnd/12391132X,263281
202,gnd/12391132X,263284
203,gnd/12391132X,263288
204,gnd/12391132X,263290
205,gnd/12391132X,263377
206,gnd/12391132X,263385
207,gnd/12391132X,263656
208,gnd/12391132X,263667
209,gnd/12391132X,264071
210,gnd/12391132X,264079
211,gnd/12391132X,264080
212,gnd/12391132X,264081
213,gnd/12391132X,264082
214,gnd/12391132X,264083
215,gnd/12391132X,264084
216,gnd/12391132X,264085
217,gnd/12391132X,264478
218,gnd/12391132X,264481
219,gnd/12391132X,264724
220,gnd/12391132X,264725
221,gnd/12391132X,264744
222,gnd/12391132X,266692
223,gnd/12391132X,266918
224,gnd/12391132X,267018
225,gnd/12391132X,267305
226,gnd/12391132X,267614
227,gnd/12391132X,268145
228,gnd/12391132X,268147
229,gnd/12391132X,268446
230,gnd/12391132X,268502
231,gnd/12391132X,268551
232,gnd/12391132X,268932
233,gnd/12391132X,269545
234,gnd/12391132X,271208
235,gnd/12391132X,271453
236,gnd/12391132X,271458
237,gnd/12391132X,271899
238,gnd/12391132X,272030
239,gnd/12391132X,272710
240,gnd/12391132X,273828
241,gnd/12391132X,273852
242,gnd/12391132X,274014
243,gnd/12391132X,274220
244,gnd/12391132X,274337
245,gnd/12391132X,274338
246,gnd/12391132X,274514
247,gnd/12391132X,274546
248,gnd/12391132X,274605
249,gnd/12391132X,274606
250,gnd/12391132X,274607
251,gnd/12391132X,274634
252,gnd/12391132X,274794
253,gnd/12391132X,274905
254,gnd/12391132X,274973
255,gnd/12391132X,275026
256,gnd/12391132X,275030
257,gnd/12391132X,275075
258,gnd/12391132X,275092
259,gnd/12391132X,275138
260,gnd/12391132X,275148
261,gnd/12391132X,275229
262,gnd/12391132X,275241
263,gnd/12391132X,275254
264,gnd/12391132X,275544
265,gnd/12391132X,275557
266,gnd/12391132X,275611
267,gnd/12391132X,275612
268,gnd/12391132X,275669
269,gnd/12391132X,275672
270,gnd/12391132X,275678
271,gnd/12391132X,275858
272,gnd/12391132X,275964
273,gnd/12391132X,275967
274,gnd/12391132X,276242
275,gnd/12391132X,277203
276,gnd/12391132X,277676
277,gnd/12391132X,277720
278,gnd/12391132X,277906
279,gnd/12391132X,278325
280,gnd/12391132X,278677
281,gnd/12391132X,279350
282,gnd/12391132X,279423
283,gnd/12391132X,279819
284,gnd/12391132X,279869
285,gnd/12391132X,279880
286,gnd/12391132X,279968
287,gnd/12391132X,280164
288,gnd/12391132X,280199
289,gnd/12391132X,280206
290,gnd/12391132X,280207
291,gnd/12391132X,280208
292,gnd/12391132X,280209
293,gnd/12391132X,280297
294,gnd/12391132X,280322
295,gnd/12391132X,280333
296,gnd/12391132X,280422
297,gnd/12391132X,280557
298,gnd/12391132X,280918
299,gnd/12391132X,281484
300,gnd/12391132X,281545
301,gnd/12391132X,282171
302,gnd/12391132X,282531
303,gnd/12391132X,282846
304,gnd/12391132X,282854
305,gnd/12391132X,283067
306,gnd/12391132X,283098
307,gnd/12391132X,283100
308,gnd/12391132X,283595
309,gnd/12391132X,283608
310,gnd/12391132X,283640
311,gnd/12391132X,284058
312,gnd/12391132X,284605
313,gnd/12391132X,284620
314,gnd/12391132X,284621
315,gnd/12391132X,284630
316,gnd/12391132X,284682
317,gnd/12391132X,284809
318,gnd/12391132X,284878
319,gnd/12391132X,284879
320,gnd/12391132X,284884
321,gnd/12391132X,284885
322,gnd/12391132X,284886
323,gnd/12391132X,284887
324,gnd/12391132X,284888
325,gnd/12391132X,284890
326,gnd/12391132X,285005
327,gnd/12391132X,285008
328,gnd/12391132X,285127
329,gnd/12391132X,285129
330,gnd/12391132X,285548
331,gnd/12391132X,285564
332,gnd/12391132X,285604
333,gnd/12391132X,286287
334,gnd/12391132X,286298
335,gnd/12391132X,286332
336,gnd/12391132X,286973
337,gnd/12391132X,287425
338,gnd/12391132X,287430
339,gnd/12391132X,287612
340,gnd/12391132X,287637
341,gnd/12391132X,288942
342,gnd/12391132X,289466
343,gnd/12391132X,289538
344,gnd/12391132X,289539
345,gnd/12391132X,289540
346,gnd/12391132X,289541
347,gnd/12391132X,290005
348,gnd/12391132X,290011
349,gnd/12391132X,290893
350,gnd/12391132X,291676
351,gnd/12391132X,291788
352,gnd/12391132X,292308
353,gnd/12391132X,292471
354,gnd/12391132X,292843
355,gnd/12391132X,293169
356,gnd/12391132X,293375
357,gnd/12391132X,293379
358,gnd/12391132X,293381
359,gnd/12391132X,293438
360,gnd/12391132X,293510
361,gnd/12391132X,293553
362,gnd/12391132X,293683
363,gnd/12391132X,293815
364,gnd/12391132X,293821
365,gnd/12391132X,293872
366,gnd/12391132X,293960
367,gnd/12391132X,294006
368,gnd/12391132X,294189
369,gnd/12391132X,294190
370,gnd/12391132X,297525
371,gnd/12391132X,297674
372,gnd/12391132X,298104
373,gnd/12391132X,298564
374,gnd/12391132X,302683
375,gnd/12391132X,306492
376,gnd/12391132X,306781
377,gnd/11951124X,11804
378,gnd/11951124X,32613
379,gnd/11951124X,32896
380,gnd/11951124X,34044
381,gnd/11951124X,34045
382,gnd/11951124X,53639
383,gnd/11951124X,54648
384,gnd/11951124X,62152
385,gnd/11951124X,78870
386,gnd/11951124X,125539
387,gnd/11951124X,136166
388,gnd/11951124X,158126
389,gnd/11951124X,248338
390,gnd/11951124X,248740
391,gnd/11951124X,249441
392,gnd/11951124X,249443
393,gnd/11951124X,249444
394,gnd/11951124X,263389
395,gnd/11951124X,264376
396,gnd/11951124X,264377
397,gnd/11951124X,276226
398,gnd/11883732X,53509
399,gnd/11883732X,75517
400,gnd/11883732X,269989
401,gnd/11883732X,274838
402,gnd/11883732X,283770
403,gnd/11883732X,292582
404,gnd/11883732X,292583
405,gnd/11883732X,296271
406,gnd/11883732X,298353
407,gnd/11872889X,84048
408,gnd/11872889X,124459
409,gnd/11872889X,129452
410,gnd/11858412X,121661
411,gnd/11858412X,140888
412,gnd/11858412X,160935
413,gnd/11858412X,172391
414,gnd/11858412X,189786
415,gnd/11858412X,240943
416,gnd/11853596X,8961
417,gnd/11853596X,9020
418,gnd/11853596X,10175
419,gnd/11853596X,34633
420,gnd/11853596X,41561
421,gnd/11853596X,41657
422,gnd/11853596X,52883
423,gnd/11853596X,66663
424,gnd/11853596X,66672
425,gnd/11853596X,68887
426,gnd/11853596X,71822
427,gnd/11853596X,74921
428,gnd/11853596X,76297
429,gnd/11853596X,76806
430,gnd/11853596X,76807
431,gnd/11853596X,77752
432,gnd/11853596X,78375
433,gnd/11853596X,92988
434,gnd/11853596X,105053
435,gnd/11853596X,106761
436,gnd/11853596X,266807
437,gnd/11853596X,278829
438,gnd/11853596X,281011
439,gnd/11853596X,281013
440,gnd/11853596X,285107
441,gnd/11853596X,285335
442,gnd/11853596X,285338
443,gnd/11853596X,286873
444,gnd/11853596X,287130
445,gnd/11853596X,289656
446,gnd/11853596X,290183
447,gnd/11853596X,290215
448,gnd/11853596X,297909
449,gnd/11853596X,303866
450,gnd/11853596X,308438
451,gnd/11853095X,61044
452,gnd/11853095X,85211
453,gnd/11715010X,246270
454,gnd/11715010X,246271
455,gnd/11671655X,5526
456,gnd/11671655X,62141
457,gnd/10313669X,29889
458,gnd/10230887X,71005
459,gnd/10230887X,71010
460,gnd/10230887X,71934
461,gnd/10230887X,72251
462,gnd/10230887X,72256
463,gnd/10230887X,74970
464,gnd/10230887X,74971
465,gnd/10230887X,78837
466,gnd/10230887X,82085
467,gnd/10230887X,82086
468,gnd/10230887X,82626
469,gnd/10230887X,82632
470,gnd/10230887X,82672
471,gnd/10230887X,83293
472,gnd/10230887X,301313
473,gnd/10230887X,303781
474,gnd/10142552X,141400
475,gnd/10142552X,143060
476,gnd/10142552X,143351
477,gnd/1034668358,35426
478,gnd/1019738634,5519
479,gnd/1019738634,113133
480,gnd/1014349664,56556
481,gnd/1014349664,56864
482,gnd/1014349664,56865
483,gnd/1014349664,64525
484,gnd/1014349664,82145
485,gnd/1014349664,87127
486,gnd/1014349664,97504
487,gnd/1014349664,98663
488,gnd/1014349664,99810
489,gnd/1014349664,111747
490,gnd/1014349664,124458
491,gnd/1014349664,135231
492,gnd/1014349664,148115
493,gnd/1014349664,181825
494,gnd/1014349664,201619
495,gnd/1014349664,233367
496,gnd/1014062136,140992
497,gnd/189408685,115829
498,gnd/136198368,89430
499,gnd/132701855,128304
500,gnd/132701855,151570
501,gnd/132701855,198174
502,gnd/132701855,198203
503,gnd/131545167,145402
504,gnd/129300454,103640
505,gnd/129300454,105069
506,gnd/128866799,63864
507,gnd/128866799,66395
508,gnd/128742658,7523
509,gnd/128735872,41224
510,gnd/128735872,41225
511,gnd/128735872,41226
512,gnd/128735872,61132
513,gnd/128735872,61357
514,gnd/128735872,66951
515,gnd/128735872,85426
516,gnd/128735872,88136
517,gnd/128735872,88280
518,gnd/128735872,90915
519,gnd/128735872,90916
520,gnd/128735872,92084
521,gnd/128735872,93573
522,gnd/128735872,93633
523,gnd/128735872,101826
524,gnd/128735872,103680
525,gnd/128722266,42533
526,gnd/128722266,46298
527,gnd/128722266,54616
528,gnd/128722266,108153
529,gnd/128722266,108259
530,gnd/128722266,110891
531,gnd/128722266,110971
532,gnd/128722266,148411
533,gnd/124974716,124769
534,gnd/124974716,127037
535,gnd/124974716,127708
536,gnd/124974716,127709
537,gnd/124974716,127767
538,gnd/124974716,128347
539,gnd/124974716,129568
540,gnd/124845800,43047
541,gnd/124845800,66261
542,gnd/124845800,82285
543,gnd/124845800,93657
544,gnd/124845800,97474
545,gnd/124845800,99516
546,gnd/124845800,101358
547,gnd/124775802,46022
548,gnd/124775802,46422
549,gnd/124775802,46714
550,gnd/124775802,46730
551,gnd/124775802,65925
552,gnd/124775802,66534
553,gnd/124724612,68531
554,gnd/124699170,27931
555,gnd/124699170,31674
556,gnd/124699170,40222
557,gnd/124699170,286143
558,gnd/124699170,303743
559,gnd/124699170,305369
560,gnd/124657273,95644
561,gnd/124374794,306729
562,gnd/123887240,22738
563,gnd/123887240,64874
564,gnd/123887240,66168
565,gnd/123887240,88012
566,gnd/123715512,74362
567,gnd/123388147,14170
568,gnd/123388147,91839
569,gnd/123335558,9880
570,gnd/123335558,72456
571,gnd/123335558,73116
572,gnd/123335558,73450
573,gnd/123335558,74141
574,gnd/123335558,75354
575,gnd/123335558,75512
576,gnd/123335558,76574
577,gnd/123335558,76584
578,gnd/123066972,87360
579,gnd/122903757,70289
580,gnd/122903757,101032
581,gnd/122811364,134695
582,gnd/122800664,135747
583,gnd/122800664,146827
584,gnd/122687981,142954
585,gnd/122420217,222840
586,gnd/122371100,51273
587,gnd/122371100,68241
588,gnd/122371100,101653
589,gnd/122371100,101853
590,gnd/122371100,105194
591,gnd/122371100,114376
592,gnd/122371100,116860
593,gnd/122371100,119802
594,gnd/122371100,120471
595,gnd/122371100,120472
596,gnd/122371100,123931
597,gnd/122371100,124446
598,gnd/122371100,126761
599,gnd/122371100,127278
600,gnd/122371100,203059
601,gnd/122371100,295968
602,gnd/122371100,304896
603,gnd/121778029,111472
604,gnd/121715183,255993
605,gnd/121547906,121867
606,gnd/121510913,182044
607,gnd/121510913,214696
608,gnd/121510913,214698
609,gnd/121510913,214772
610,gnd/121510913,214773
611,gnd/121510913,214775
612,gnd/121510913,217339
613,gnd/121510913,217340
614,gnd/121510913,217341
615,gnd/121510913,219620
616,gnd/121510913,222020
617,gnd/121510913,229165
618,gnd/121400719,168116
619,gnd/121302679,10978
620,gnd/121302679,13000
621,gnd/121302679,34575
622,gnd/120777193,39479
623,gnd/120777193,95502
624,gnd/120777193,96144
625,gnd/120777193,96145
626,gnd/120777193,96415
627,gnd/120777193,96418
628,gnd/120777193,96419
629,gnd/120777193,97754
630,gnd/120777193,97755
631,gnd/120777193,97756
632,gnd/120777193,97757
633,gnd/120777193,97811
634,gnd/120777193,97967
635,gnd/120777193,98339
636,gnd/120777193,98498
637,gnd/120777193,98499
638,gnd/120777193,98500
639,gnd/120777193,98501
640,gnd/120777193,98503
641,gnd/120777193,98504
642,gnd/120777193,98505
643,gnd/120777193,98509
644,gnd/120777193,98513
645,gnd/120777193,98514
646,gnd/120777193,98522
647,gnd/120777193,98552
648,gnd/120777193,98557
649,gnd/120777193,98947
650,gnd/120777193,98948
651,gnd/120777193,98949
652,gnd/120777193,99034
653,gnd/120777193,99170
654,gnd/120777193,99492
655,gnd/120777193,99882
656,gnd/120777193,100988
657,gnd/120777193,100989
658,gnd/120777193,100990
659,gnd/120777193,100991
660,gnd/120777193,100992
661,gnd/120777193,100993
662,gnd/120777193,100994
663,gnd/120777193,100997
664,gnd/120777193,100998
665,gnd/120777193,100999
666,gnd/120777193,101000
667,gnd/120777193,101001
668,gnd/120777193,101002
669,gnd/120777193,101003
670,gnd/120777193,101004
671,gnd/120777193,101005
672,gnd/120777193,101006
673,gnd/120777193,101007
674,gnd/120777193,101008
675,gnd/120777193,101010
676,gnd/120777193,101011
677,gnd/120777193,101012
678,gnd/120777193,101013
679,gnd/120777193,101014
680,gnd/120777193,101015
681,gnd/120777193,101016
682,gnd/120777193,101017
683,gnd/120777193,101018
684,gnd/120777193,101019
685,gnd/120777193,101020
686,gnd/120777193,101021
687,gnd/120777193,101022
688,gnd/120777193,101025
689,gnd/120777193,101191
690,gnd/120777193,101193
691,gnd/120777193,101498
692,gnd/120777193,101917
693,gnd/120777193,103039
694,gnd/120777193,103892
695,gnd/120777193,104372
696,gnd/120777193,104373
697,gnd/120777193,104374
698,gnd/120777193,104375
699,gnd/120777193,104376
700,gnd/120777193,104377
701,gnd/120777193,104378
702,gnd/120777193,104379
703,gnd/120777193,104380
704,gnd/120777193,104381
705,gnd/120777193,104382
706,gnd/120777193,104383
707,gnd/120777193,104384
708,gnd/120777193,104385
709,gnd/120777193,104386
710,gnd/120777193,104387
711,gnd/120777193,104388
712,gnd/120777193,104389
713,gnd/120777193,104390
714,gnd/120777193,104391
715,gnd/120777193,104392
716,gnd/120777193,104393
717,gnd/120777193,104394
718,gnd/120777193,104395
719,gnd/120777193,104396
720,gnd/120777193,104397
721,gnd/120777193,104398
722,gnd/120777193,104399
723,gnd/120777193,104400
724,gnd/120777193,104401
725,gnd/120777193,104402
726,gnd/120777193,104403
727,gnd/120777193,104404
728,gnd/120777193,104405
729,gnd/120777193,104409
730,gnd/120777193,105197
731,gnd/120777193,105200
732,gnd/120777193,105204
733,gnd/120777193,105205
734,gnd/120777193,106431
735,gnd/120777193,106461
736,gnd/120777193,106622
737,gnd/120777193,106624
738,gnd/120777193,106625
739,gnd/120777193,106626
740,gnd/120777193,106627
741,gnd/120777193,106628
742,gnd/120777193,107052
743,gnd/120777193,107395
744,gnd/120777193,107397
745,gnd/120777193,107398
746,gnd/120777193,107399
747,gnd/120777193,107400
748,gnd/120777193,107401
749,gnd/120777193,107402
750,gnd/120777193,107551
751,gnd/120777193,107728
752,gnd/120777193,108070
753,gnd/120777193,108178
754,gnd/120777193,108419
755,gnd/120777193,108545
756,gnd/120777193,108688
757,gnd/120777193,108707
758,gnd/120777193,108721
759,gnd/120777193,108881
760,gnd/120777193,108883
761,gnd/120777193,108886
762,gnd/120777193,108966
763,gnd/120777193,108968
764,gnd/120777193,109214
765,gnd/120777193,109306
766,gnd/120777193,109574
767,gnd/120777193,109575
768,gnd/120777193,109678
769,gnd/120777193,110311
770,gnd/120777193,111010
771,gnd/120777193,111011
772,gnd/120777193,111012
773,gnd/120777193,111013
774,gnd/120777193,111014
775,gnd/120777193,111015
776,gnd/120777193,111016
777,gnd/120777193,111017
778,gnd/120777193,111018
779,gnd/120777193,111019
780,gnd/120777193,111020
781,gnd/120777193,111021
782,gnd/120777193,111022
783,gnd/120777193,111023
784,gnd/120777193,111070
785,gnd/120777193,111125
786,gnd/120777193,111126
787,gnd/120777193,111127
788,gnd/120777193,111622
789,gnd/120777193,115054
790,gnd/120777193,115055
791,gnd/120777193,115056
792,gnd/120777193,115057
793,gnd/120777193,115323
794,gnd/120777193,115324
795,gnd/120777193,115326
796,gnd/120777193,115328
797,gnd/120777193,115389
798,gnd/120777193,116015
799,gnd/120777193,116016
800,gnd/120777193,116017
801,gnd/120777193,116018
802,gnd/120777193,116020
803,gnd/120777193,116042
804,gnd/120777193,116294
805,gnd/120777193,117093
806,gnd/120777193,117103
807,gnd/120777193,117730
808,gnd/120777193,117731
809,gnd/120777193,117732
810,gnd/120777193,117733
811,gnd/120777193,117734
812,gnd/120777193,117735
813,gnd/120777193,117736
814,gnd/120777193,117737
815,gnd/120777193,117738
816,gnd/120777193,118102
817,gnd/120777193,118294
818,gnd/120777193,118295
819,gnd/120777193,118812
820,gnd/120777193,118816
821,gnd/120777193,118818
822,gnd/120777193,119573
823,gnd/120777193,120137
824,gnd/120777193,120337
825,gnd/120777193,120539
826,gnd/120777193,120700
827,gnd/120777193,120701
828,gnd/120777193,120702
829,gnd/120777193,120703
830,gnd/120777193,120704
831,gnd/120777193,120705
832,gnd/120777193,120706
833,gnd/120777193,120707
834,gnd/120777193,120708
835,gnd/120777193,120710
836,gnd/120777193,120711
837,gnd/120777193,120712
838,gnd/120777193,120713
839,gnd/120777193,120714
840,gnd/120777193,120715
841,gnd/120777193,120716
842,gnd/120777193,120732
843,gnd/120777193,120733
844,gnd/120777193,120734
845,gnd/120777193,120735
846,gnd/120777193,121138
847,gnd/120777193,121447
848,gnd/120777193,121448
849,gnd/120777193,121449
850,gnd/120777193,121450
851,gnd/120777193,121452
852,gnd/120777193,121453
853,gnd/120777193,121454
854,gnd/120777193,122369
855,gnd/120777193,122370
856,gnd/120777193,122371
857,gnd/120777193,123076
858,gnd/120777193,123140
859,gnd/120777193,123141
860,gnd/120777193,123142
861,gnd/120777193,123143
862,gnd/120777193,123431
863,gnd/120777193,123557
864,gnd/120777193,123717
865,gnd/120777193,123836
866,gnd/120777193,124100
867,gnd/120777193,124244
868,gnd/120777193,124928
869,gnd/120777193,124944
870,gnd/120777193,127066
871,gnd/120777193,127068
872,gnd/120777193,127069
873,gnd/120777193,127070
874,gnd/120777193,127071
875,gnd/120777193,127279
876,gnd/120777193,127808
877,gnd/120777193,127907
878,gnd/120777193,127908
879,gnd/120777193,127909
880,gnd/120777193,128168
881,gnd/120777193,128169
882,gnd/120777193,128170
883,gnd/120777193,128431
884,gnd/120777193,128826
885,gnd/120777193,128859
886,gnd/120777193,129512
887,gnd/120777193,129513
888,gnd/120777193,129743
889,gnd/120777193,129744
890,gnd/120777193,129745
891,gnd/120777193,129746
892,gnd/120777193,129747
893,gnd/120777193,129748
894,gnd/120777193,129749
895,gnd/120777193,129810
896,gnd/120777193,129996
897,gnd/120777193,130048
898,gnd/120777193,130226
899,gnd/120777193,130268
900,gnd/120777193,130340
901,gnd/120777193,130420
902,gnd/120777193,130798
903,gnd/120777193,130906
904,gnd/120777193,130919
905,gnd/120777193,130938
906,gnd/120777193,131340
907,gnd/120777193,131341
908,gnd/120777193,131342
909,gnd/120777193,131343
910,gnd/120777193,131344
911,gnd/120777193,131345
912,gnd/120777193,131346
913,gnd/120777193,131347
914,gnd/120777193,131348
915,gnd/120777193,131666
916,gnd/120777193,132757
917,gnd/120777193,132761
918,gnd/120777193,132762
919,gnd/120777193,132763
920,gnd/120777193,132764
921,gnd/120777193,132765
922,gnd/120777193,132766
923,gnd/120777193,132767
924,gnd/120777193,132768
925,gnd/120777193,132769
926,gnd/120777193,132770
927,gnd/120777193,132771
928,gnd/120777193,133251
929,gnd/120777193,133252
930,gnd/120777193,133253
931,gnd/120777193,133255
932,gnd/120777193,133256
933,gnd/120777193,134748
934,gnd/120777193,134749
935,gnd/120777193,134750
936,gnd/120777193,134751
937,gnd/120777193,134752
938,gnd/120777193,134753
939,gnd/120777193,134754
940,gnd/120777193,134755
941,gnd/120777193,134756
942,gnd/120777193,135060
943,gnd/120777193,135214
944,gnd/120777193,135272
945,gnd/120777193,135273
946,gnd/120777193,135275
947,gnd/120777193,135276
948,gnd/120777193,135278
949,gnd/120777193,135631
950,gnd/120777193,135805
951,gnd/120777193,135885
952,gnd/120777193,135887
953,gnd/120777193,138056
954,gnd/120777193,138057
955,gnd/120777193,138058
956,gnd/120777193,138097
957,gnd/120777193,138222
958,gnd/120777193,138223
959,gnd/120777193,138561
960,gnd/120777193,138562
961,gnd/120777193,140664
962,gnd/120777193,140935
963,gnd/120777193,140936
964,gnd/120777193,140937
965,gnd/120777193,140938
966,gnd/120777193,140939
967,gnd/120777193,141159
968,gnd/120777193,141161
969,gnd/120777193,141576
970,gnd/120777193,141996
971,gnd/120777193,141997
972,gnd/120777193,143523
973,gnd/120777193,143938
974,gnd/120777193,143940
975,gnd/120777193,143941
976,gnd/120777193,145921
977,gnd/120777193,146163
978,gnd/120777193,149759
979,gnd/120777193,178306
980,gnd/120777193,178307
981,gnd/120777193,178308
982,gnd/120777193,178309
983,gnd/120777193,178310
984,gnd/120777193,178311
985,gnd/120777193,179772
986,gnd/120777193,182529
987,gnd/120777193,182530
988,gnd/120777193,182531
989,gnd/120777193,182532
990,gnd/120777193,182533
991,gnd/120777193,182534
992,gnd/120777193,182535
993,gnd/120777193,183341
994,gnd/120777193,186448
995,gnd/120777193,233332
996,gnd/120777193,238275
997,gnd/120777193,244446
998,gnd/120777193,267430
999,gnd/120745968,34681
1000,gnd/120745968,45664
1001,gnd/120305879,21633
1002,gnd/120305879,26067
1003,gnd/120305879,37261
1004,gnd/120305879,52360
1005,gnd/120305879,65691
1006,gnd/120305879,87278
1007,gnd/120305879,96000
1008,gnd/120304449,86489
1009,gnd/120286920,280343
1010,gnd/120286920,282200
1011,gnd/120159481,50277
1012,gnd/120145812,4188
1013,gnd/120145812,4226
1014,gnd/120145812,6261
1015,gnd/120145812,9584
1016,gnd/120145812,9585
1017,gnd/120145812,10150
1018,gnd/120145812,15367
1019,gnd/120145812,17056
1020,gnd/120145812,17110
1021,gnd/120145812,17112
1022,gnd/120145812,18903
1023,gnd/120145812,21012
1024,gnd/120145812,21066
1025,gnd/120145812,21521
1026,gnd/120145812,21550
1027,gnd/120145812,26038
1028,gnd/120145812,26347
1029,gnd/120145812,26353
1030,gnd/120145812,26423
1031,gnd/120145812,28820
1032,gnd/120145812,28838
1033,gnd/120145812,29772
1034,gnd/120145812,30083
1035,gnd/120145812,30084
1036,gnd/120145812,30104
1037,gnd/120145812,30105
1038,gnd/120145812,30155
1039,gnd/120145812,31698
1040,gnd/120145812,32617
1041,gnd/120145812,33870
1042,gnd/120145812,34219
1043,gnd/120145812,34290
1044,gnd/120145812,34294
1045,gnd/120145812,34840
1046,gnd/120145812,35092
1047,gnd/120145812,38232
1048,gnd/120145812,38495
1049,gnd/120145812,38497
1050,gnd/120145812,38498
1051,gnd/120145812,38500
1052,gnd/120145812,38509
1053,gnd/120145812,38510
1054,gnd/120145812,38511
1055,gnd/120145812,38515
1056,gnd/120145812,38557
1057,gnd/120145812,38567
1058,gnd/120145812,38568
1059,gnd/120145812,38594
1060,gnd/120145812,38607
1061,gnd/120145812,38608
1062,gnd/120145812,39052
1063,gnd/120145812,39143
1064,gnd/120145812,39481
1065,gnd/120145812,39999
1066,gnd/120145812,42121
1067,gnd/120145812,42253
1068,gnd/120145812,42386
1069,gnd/120145812,42387
1070,gnd/120145812,42388
1071,gnd/120145812,42391
1072,gnd/120145812,42395
1073,gnd/120145812,42396
1074,gnd/120145812,44420
1075,gnd/120145812,46120
1076,gnd/120145812,46175
1077,gnd/120145812,46176
1078,gnd/120145812,46177
1079,gnd/120145812,46178
1080,gnd/120145812,46188
1081,gnd/120145812,46189
1082,gnd/120145812,46237
1083,gnd/120145812,46239
1084,gnd/120145812,46240
1085,gnd/120145812,46255
1086,gnd/120145812,46616
1087,gnd/120145812,46621
1088,gnd/120145812,46698
1089,gnd/120145812,46835
1090,gnd/120145812,49663
1091,gnd/120145812,50220
1092,gnd/120145812,50838
1093,gnd/120145812,50882
1094,gnd/120145812,50969
1095,gnd/120145812,50970
1096,gnd/120145812,50976
1097,gnd/120145812,51026
1098,gnd/120145812,51028
1099,gnd/120145812,51439
1100,gnd/120145812,52140
1101,gnd/120145812,52288
1102,gnd/120145812,54109
1103,gnd/120145812,54543
1104,gnd/120145812,54801
1105,gnd/120145812,54862
1106,gnd/120145812,55504
1107,gnd/120145812,55505
1108,gnd/120145812,55508
1109,gnd/120145812,55672
1110,gnd/120145812,56694
1111,gnd/120145812,57643
1112,gnd/120145812,57810
1113,gnd/120145812,57821
1114,gnd/120145812,57834
1115,gnd/120145812,59235
1116,gnd/120145812,59236
1117,gnd/120145812,61077
1118,gnd/120145812,62074
1119,gnd/120145812,62253
1120,gnd/120145812,62254
1121,gnd/120145812,63429
1122,gnd/120145812,63909
1123,gnd/120145812,65258
1124,gnd/120145812,65535
1125,gnd/120145812,68446
1126,gnd/120145812,68866
1127,gnd/120145812,73295
1128,gnd/120145812,73296
1129,gnd/120145812,74400
1130,gnd/120145812,77265
1131,gnd/120145812,78728
1132,gnd/120145812,78994
1133,gnd/120145812,79401
1134,gnd/120145812,79447
1135,gnd/120145812,81461
1136,gnd/120145812,82387
1137,gnd/120145812,82999
1138,gnd/120145812,85344
1139,gnd/120145812,85347
1140,gnd/120145812,86011
1141,gnd/120145812,86254
1142,gnd/120145812,95555
1143,gnd/120145812,98306
1144,gnd/120145812,98407
1145,gnd/120145812,99097
1146,gnd/120145812,100171
1147,gnd/120145812,100752
1148,gnd/120145812,158675
1149,gnd/120145812,169909
1150,gnd/120145812,234410
1151,gnd/120145812,234411
1152,gnd/120145812,235674
1153,gnd/120145812,235678
1154,gnd/120145812,236357
1155,gnd/120145812,237980
1156,gnd/120145812,240388
1157,gnd/120145812,240389
1158,gnd/120145812,247588
1159,gnd/120145812,249015
1160,gnd/120145812,251139
1161,gnd/120145812,251168
1162,gnd/120145812,258468
1163,gnd/120145812,258966
1164,gnd/120145812,259270
1165,gnd/120145812,262892
1166,gnd/120145812,265364
1167,gnd/120145812,269715
1168,gnd/120145812,271343
1169,gnd/120145812,273118
1170,gnd/120145812,274875
1171,gnd/120145812,274876
1172,gnd/120145812,279525
1173,gnd/120145812,279811
1174,gnd/120145812,279812
1175,gnd/120145812,279889
1176,gnd/120145812,282966
1177,gnd/120145812,282970
1178,gnd/120145812,284192
1179,gnd/120145812,284199
1180,gnd/120145812,288988
1181,gnd/120145812,288993
1182,gnd/120145812,289046
1183,gnd/120145812,290686
1184,gnd/120145812,290687
1185,gnd/120145812,296242
1186,gnd/120145812,300168
1187,gnd/120145812,301167
1188,gnd/120145812,302046
1189,gnd/120145812,302501
1190,gnd/120145812,302502
1191,gnd/120145812,302503
1192,gnd/120145812,305010
1193,gnd/120145812,305267
1194,gnd/120079291,189792
1195,gnd/120079291,195063
1196,gnd/120079291,195064
1197,gnd/120065703,150185
1198,gnd/120065703,153066
1199,gnd/120065703,161648
1200,gnd/120014181,11166
1201,gnd/120014181,13207
1202,gnd/119512297,7799
1203,gnd/119512297,11781
1204,gnd/119512297,12297
1205,gnd/119512297,16787
1206,gnd/119512297,20589
1207,gnd/119512297,28623
1208,gnd/119512297,32802
1209,gnd/119512297,33235
1210,gnd/119512297,33675
1211,gnd/119512297,33765
1212,gnd/119512297,35117
1213,gnd/119512297,35118
1214,gnd/119512297,37873
1215,gnd/119512297,37874
1216,gnd/119512297,38088
1217,gnd/119512297,38221
1218,gnd/119512297,39959
1219,gnd/119512297,43351
1220,gnd/119512297,43480
1221,gnd/119512297,48137
1222,gnd/119512297,48502
1223,gnd/119512297,48775
1224,gnd/119512297,49901
1225,gnd/119512297,50539
1226,gnd/119512297,51414
1227,gnd/119512297,51986
1228,gnd/119512297,53383
1229,gnd/119512297,53943
1230,gnd/119512297,55212
1231,gnd/119512297,56522
1232,gnd/119512297,56629
1233,gnd/119512297,56701
1234,gnd/119512297,57175
1235,gnd/119512297,57200
1236,gnd/119512297,57202
1237,gnd/119512297,59821
1238,gnd/119512297,60080
1239,gnd/119512297,61164
1240,gnd/119512297,61377
1241,gnd/119512297,61592
1242,gnd/119512297,61599
1243,gnd/119512297,63240
1244,gnd/119512297,63591
1245,gnd/119512297,65141
1246,gnd/119512297,65880
1247,gnd/119512297,66655
1248,gnd/119512297,67217
1249,gnd/119512297,71112
1250,gnd/119512297,75407
1251,gnd/119512297,78183
1252,gnd/119512297,82001
1253,gnd/119512297,82060
1254,gnd/119512297,85417
1255,gnd/119512297,90415
1256,gnd/119512297,90416
1257,gnd/119512297,90417
1258,gnd/119512297,105698
1259,gnd/119512297,106292
1260,gnd/119512297,241904
1261,gnd/119512297,242348
1262,gnd/119512297,242352
1263,gnd/119512297,242353
1264,gnd/119512297,242354
1265,gnd/119512297,250938
1266,gnd/119512297,255581
1267,gnd/119512297,258987
1268,gnd/119512297,267138
1269,gnd/119512297,267203
1270,gnd/119512297,271037
1271,gnd/119512297,274723
1272,gnd/119512297,274816
1273,gnd/119512297,279241
1274,gnd/119512297,279305
1275,gnd/119512297,279312
1276,gnd/119512297,282948
1277,gnd/119512297,283031
1278,gnd/119512297,284518
1279,gnd/119512297,290720
1280,gnd/119512297,294730
1281,gnd/119512297,295915
1282,gnd/119512297,300598
1283,gnd/119512297,301469
1284,gnd/119512297,304747
1285,gnd/119512297,305470
1286,gnd/119512297,305628
1287,gnd/119511231,22391
1288,gnd/119511231,28332
1289,gnd/119511231,30396
1290,gnd/119511231,30552
1291,gnd/119511231,31363
1292,gnd/119511231,35725
1293,gnd/119511231,35738
1294,gnd/119511231,37884
1295,gnd/119511231,42491
1296,gnd/119511231,42936
1297,gnd/119511231,43423
1298,gnd/119511231,43707
1299,gnd/119511231,43708
1300,gnd/119511231,43709
1301,gnd/119511231,48285
1302,gnd/119511231,48546
1303,gnd/119511231,284859
1304,gnd/119511231,297619
1305,gnd/119511231,297620
1306,gnd/119511231,307272
1307,gnd/119511029,8141
1308,gnd/119511029,13440
1309,gnd/119511029,28564
1310,gnd/119511029,32621
1311,gnd/119511029,93320
1312,gnd/119511029,282446
1313,gnd/119436094,2247
1314,gnd/119410524,1031
1315,gnd/119410524,19778
1316,gnd/119410524,28579
1317,gnd/119410524,136530
1318,gnd/119410524,169106
1319,gnd/119410524,169999
1320,gnd/119410524,180202
1321,gnd/119410524,235982
1322,gnd/119410524,238192
1323,gnd/119410524,238194
1324,gnd/119410524,238591
1325,gnd/119410524,238893
1326,gnd/119410524,239105
1327,gnd/119410524,260929
1328,gnd/119410524,274625
1329,gnd/119410524,276363
1330,gnd/119410524,277529
1331,gnd/119410524,277734
1332,gnd/119410524,278019
1333,gnd/119410524,278144
1334,gnd/119410524,278223
1335,gnd/119410524,280079
1336,gnd/119410524,280771
1337,gnd/119410524,283509
1338,gnd/119410524,290499
1339,gnd/119410524,290742
1340,gnd/119410524,292067
1341,gnd/119410524,294178
1342,gnd/119410524,294750
1343,gnd/119410524,295122
1344,gnd/119410524,295238
1345,gnd/119410524,295239
1346,gnd/119410524,295716
1347,gnd/119410524,295958
1348,gnd/119410524,296488
1349,gnd/119410524,296962
1350,gnd/119410524,298450
1351,gnd/119410524,298456
1352,gnd/119410524,300112
1353,gnd/119410524,300849
1354,gnd/119410524,300850
1355,gnd/119410524,300851
1356,gnd/119410524,302288
1357,gnd/119410524,302457
1358,gnd/119410524,303469
1359,gnd/119410524,303926
1360,gnd/119410524,303927
1361,gnd/119410524,303928
1362,gnd/119410524,304572
1363,gnd/119410524,305300
1364,gnd/119410524,307045
1365,gnd/119410524,307146
1366,gnd/119410524,307670
1367,gnd/119410524,307676
1368,gnd/119220318,306634
1369,gnd/119137356,126930
1370,gnd/119100320,8291
1371,gnd/119100320,20407
1372,gnd/119100320,23239
1373,gnd/119100320,33056
1374,gnd/119100320,33676
1375,gnd/119100320,33677
1376,gnd/119100320,38325
1377,gnd/119100320,42250
1378,gnd/119100320,42251
1379,gnd/119100320,42252
1380,gnd/119100320,42598
1381,gnd/119100320,44193
1382,gnd/119100320,44194
1383,gnd/119100320,46009
1384,gnd/119100320,46011
1385,gnd/119100320,50792
1386,gnd/119100320,50793
1387,gnd/119100320,50794
1388,gnd/119100320,50795
1389,gnd/119100320,53436
1390,gnd/119100320,54341
1391,gnd/119100320,55313
1392,gnd/119100320,57655
1393,gnd/119100320,57656
1394,gnd/119100320,57657
1395,gnd/119100320,62082
1396,gnd/119100320,68973
1397,gnd/119100320,73171
1398,gnd/119100320,74583
1399,gnd/119100320,95738
1400,gnd/119100320,97026
1401,gnd/119100320,98783
1402,gnd/119100320,99049
1403,gnd/119100320,100743
1404,gnd/119100320,112821
1405,gnd/119100320,127527
1406,gnd/119100320,266804
1407,gnd/119100320,284188
1408,gnd/119100320,292928
1409,gnd/119100320,296419
1410,gnd/119100320,296420
1411,gnd/119100320,296908
1412,gnd/119100320,296915
1413,gnd/119100320,296999
1414,gnd/119100320,301853
1415,gnd/119100320,305249
1416,gnd/119076101,99099
1417,gnd/119076101,105063
1418,gnd/119076101,117922
1419,gnd/119076101,118754
1420,gnd/119076101,121682
1421,gnd/119076101,127130
1422,gnd/119076101,127131
1423,gnd/119076101,129031
1424,gnd/119076101,130946
1425,gnd/119076101,132550
1426,gnd/119076101,134554
1427,gnd/119076101,135159
1428,gnd/119076101,137793
1429,gnd/119076101,142402
1430,gnd/119076101,143726
1431,gnd/119076101,143735
1432,gnd/119076101,156344
1433,gnd/119076101,159164
1434,gnd/119076101,160010
1435,gnd/119076101,163352
1436,gnd/119076101,165016
1437,gnd/119076101,173589
1438,gnd/119076101,174068
1439,gnd/119076101,181789
1440,gnd/119076101,210832
1441,gnd/119076101,275088
1442,gnd/119025299,55127
1443,gnd/119025299,55128
1444,gnd/119025299,55129
1445,gnd/119025299,78563
1446,gnd/119025299,78678
1447,gnd/119025299,81017
1448,gnd/119025299,82059
1449,gnd/119025299,83753
1450,gnd/119025299,296389
1451,gnd/119025299,296390
1452,gnd/119025299,297996
1453,gnd/119025299,301294
1454,gnd/118913859,3492
1455,gnd/118913859,3493
1456,gnd/118913859,3494
1457,gnd/118913859,24614
1458,gnd/118913859,28832
1459,gnd/118913859,29273
1460,gnd/118913859,30189
1461,gnd/118913859,31546
1462,gnd/118913859,40740
1463,gnd/118913859,40876
1464,gnd/118913859,43053
1465,gnd/118913859,43054
1466,gnd/118913859,44930
1467,gnd/118913859,46587
1468,gnd/118913859,46588
1469,gnd/118913859,47948
1470,gnd/118913859,47949
1471,gnd/118913859,47950
1472,gnd/118913859,48379
1473,gnd/118913859,51718
1474,gnd/118913859,61995
1475,gnd/118913859,62257
1476,gnd/118913859,64902
1477,gnd/118913859,66626
1478,gnd/118913859,66828
1479,gnd/118913859,71149
1480,gnd/118913859,72368
1481,gnd/118913859,72753
1482,gnd/118913859,72884
1483,gnd/118913859,73607
1484,gnd/118913859,76251
1485,gnd/118913859,76268
1486,gnd/118913859,76420
1487,gnd/118913859,76484
1488,gnd/118913859,78828
1489,gnd/118913859,79307
1490,gnd/118913859,81038
1491,gnd/118913859,82563
1492,gnd/118913859,82564
1493,gnd/118913859,87061
1494,gnd/118913859,89117
1495,gnd/118913859,92002
1496,gnd/118913859,92068
1497,gnd/118913859,93223
1498,gnd/118913859,93224
1499,gnd/118913859,93225
1500,gnd/118913859,93497
1501,gnd/118913859,94951
1502,gnd/118913859,97071
1503,gnd/118913859,97633
1504,gnd/118913859,97789
1505,gnd/118913859,97827
1506,gnd/118913859,97854
1507,gnd/118913859,98348
1508,gnd/118913859,98527
1509,gnd/118913859,98748
1510,gnd/118913859,98936
1511,gnd/118913859,99040
1512,gnd/118913859,99220
1513,gnd/118913859,100473
1514,gnd/118913859,100691
1515,gnd/118913859,101078
1516,gnd/118913859,101527
1517,gnd/118913859,103926
1518,gnd/118913859,104822
1519,gnd/118913859,106254
1520,gnd/118913859,110107
1521,gnd/118913859,110368
1522,gnd/118913859,110734
1523,gnd/118913859,111261
1524,gnd/118913859,112745
1525,gnd/118913859,115869
1526,gnd/118913859,116363
1527,gnd/118913859,116765
1528,gnd/118913859,118563
1529,gnd/118913859,122428
1530,gnd/118913859,123617
1531,gnd/118913859,128139
1532,gnd/118913859,128836
1533,gnd/118913859,130474
1534,gnd/118913859,130477
1535,gnd/118913859,130656
1536,gnd/118913859,130693
1537,gnd/118913859,135175
1538,gnd/118913859,138476
1539,gnd/118913859,142833
1540,gnd/118913859,143122
1541,gnd/118913859,143275
1542,gnd/118913859,143642
1543,gnd/118913859,146926
1544,gnd/118913859,146927
1545,gnd/118913859,148849
1546,gnd/118913859,150926
1547,gnd/118913859,150955
1548,gnd/118913859,152685
1549,gnd/118913859,156509
1550,gnd/118913859,159056
1551,gnd/118913859,160823
1552,gnd/118913859,164132
1553,gnd/118913859,170896
1554,gnd/118913859,176037
1555,gnd/118913859,176038
1556,gnd/118913859,177840
1557,gnd/118913859,179879
1558,gnd/118913859,181450
1559,gnd/118913859,181452
1560,gnd/118913859,187522
1561,gnd/118913859,188582
1562,gnd/118913859,191756
1563,gnd/118913859,203352
1564,gnd/118913859,235544
1565,gnd/118913859,237271
1566,gnd/118913859,237272
1567,gnd/118913859,242844
1568,gnd/118913859,245782
1569,gnd/118913859,248317
1570,gnd/118913859,249484
1571,gnd/118913859,249585
1572,gnd/118913859,257478
1573,gnd/118913859,277919
1574,gnd/118913859,277920
1575,gnd/118913859,277921
1576,gnd/118913859,277922
1577,gnd/118913859,283360
1578,gnd/118913859,283361
1579,gnd/118913859,283688
1580,gnd/118913859,284165
1581,gnd/118913859,285324
1582,gnd/118913859,285325
1583,gnd/118913859,289290
1584,gnd/118913859,290165
1585,gnd/118913859,290166
1586,gnd/118913859,294485
1587,gnd/118861042,8338
1588,gnd/118861042,28576
1589,gnd/118861042,29867
1590,gnd/118861042,272908
1591,gnd/118840371,80102
1592,gnd/118840371,113086
1593,gnd/118840371,113087
1594,gnd/118840371,264635
1595,gnd/118807935,52748
1596,gnd/118807935,66233
1597,gnd/118807935,74770
1598,gnd/118807935,101801
1599,gnd/118807935,103469
1600,gnd/118807935,105161
1601,gnd/118807935,111299
1602,gnd/118807935,303870
1603,gnd/118807331,107290
1604,gnd/118807331,144439
1605,gnd/118794396,242687
1606,gnd/118794396,242688
1607,gnd/118794396,246071
1608,gnd/118794396,265101
1609,gnd/118794396,269972
1610,gnd/118794396,272545
1611,gnd/118794396,282557
1612,gnd/118794396,282626
1613,gnd/118794396,284163
1614,gnd/118794396,285318
1615,gnd/118794396,285415
1616,gnd/118794396,285982
1617,gnd/118794396,286358
1618,gnd/118794396,289662
1619,gnd/118794396,289663
1620,gnd/118794396,289664
1621,gnd/118794396,289665
1622,gnd/118794396,289995
1623,gnd/118794396,289996
1624,gnd/118794396,289997
1625,gnd/118794396,289998
1626,gnd/118794396,303882
1627,gnd/118794396,306562
1628,gnd/118794396,306563
1629,gnd/118794396,306564
1630,gnd/118794396,306565
1631,gnd/118794396,306566
1632,gnd/118774735,48914
1633,gnd/118774735,52647
1634,gnd/118774735,52648
1635,gnd/118774735,52649
1636,gnd/118774735,57206
1637,gnd/118774735,158369
1638,gnd/118774735,158370
1639,gnd/118774735,158371
1640,gnd/118774735,249920
1641,gnd/118774735,255995
1642,gnd/118774735,255996
1643,gnd/118774735,257774
1644,gnd/118774735,257775
1645,gnd/118774735,257776
1646,gnd/118774735,257777
1647,gnd/118774735,274360
1648,gnd/118774735,274361
1649,gnd/118774735,274362
1650,gnd/118774735,274510
1651,gnd/118774735,274511
1652,gnd/118774735,275212
1653,gnd/118774735,277897
1654,gnd/118774735,277898
1655,gnd/118774735,283280
1656,gnd/118774735,305460
1657,gnd/118767038,19992
1658,gnd/118767038,85452
1659,gnd/118767038,105034
1660,gnd/118767038,119228
1661,gnd/118767038,119823
1662,gnd/118767038,120284
1663,gnd/118767038,134858
1664,gnd/118767038,137135
1665,gnd/118767038,140733
1666,gnd/118767038,155463
1667,gnd/118760343,18998
1668,gnd/118760343,20855
1669,gnd/118760343,21863
1670,gnd/118760343,22959
1671,gnd/118760343,38983
1672,gnd/118760343,38984
1673,gnd/118760343,40919
1674,gnd/118760343,40951
1675,gnd/118760343,42859
1676,gnd/118760343,42911
1677,gnd/118760343,42912
1678,gnd/118760343,43139
1679,gnd/118760343,46487
1680,gnd/118760343,50158
1681,gnd/118760343,51145
1682,gnd/118760343,51392
1683,gnd/118760343,59534
1684,gnd/118760343,61269
1685,gnd/118760343,62775
1686,gnd/118760343,62918
1687,gnd/118760343,63044
1688,gnd/118760343,76932
1689,gnd/118760343,76933
1690,gnd/118760343,101556
1691,gnd/118760343,101667
1692,gnd/118760343,125969
1693,gnd/118760343,136622
1694,gnd/118760343,147323
1695,gnd/118760343,147324
1696,gnd/118760343,147325
1697,gnd/118760343,147720
1698,gnd/118760343,191083
1699,gnd/118760343,225010
1700,gnd/118760343,233879
1701,gnd/118760343,234700
1702,gnd/118760343,237044
1703,gnd/118760343,237045
1704,gnd/118760343,237161
1705,gnd/118760343,237163
1706,gnd/118760343,237164
1707,gnd/118760343,237286
1708,gnd/118760343,240894
1709,gnd/118760343,242450
1710,gnd/118760343,246408
1711,gnd/118760343,247370
1712,gnd/118760343,247371
1713,gnd/118760343,249042
1714,gnd/118760343,250463
1715,gnd/118760343,251473
1716,gnd/118760343,251474
1717,gnd/118760343,252427
1718,gnd/118760343,252470
1719,gnd/118760343,253425
1720,gnd/118760343,255081
1721,gnd/118760343,257350
1722,gnd/118760343,257351
1723,gnd/118760343,259646
1724,gnd/118760343,260638
1725,gnd/118760343,260846
1726,gnd/118760343,264556
1727,gnd/118760343,283073
1728,gnd/118760343,286037
1729,gnd/118760343,286038
1730,gnd/118760343,286039
1731,gnd/118760343,291782
1732,gnd/118760343,292807
1733,gnd/118760343,294715
1734,gnd/118756141,53967
1735,gnd/118756141,213307
1736,gnd/118756141,224716
1737,gnd/118756141,249373
1738,gnd/118745425,5617
1739,gnd/118745425,11090
1740,gnd/118745425,15816
1741,gnd/118745425,27302
1742,gnd/118745425,28713
1743,gnd/118745425,29241
1744,gnd/118745425,31137
1745,gnd/118745425,31554
1746,gnd/118745425,31671
1747,gnd/118745425,35304
1748,gnd/118745425,37505
1749,gnd/118745425,37799
1750,gnd/118745425,39804
1751,gnd/118745425,41966
1752,gnd/118745425,43361
1753,gnd/118745425,48320
1754,gnd/118745425,48797
1755,gnd/118745425,50041
1756,gnd/118745425,52035
1757,gnd/118745425,52514
1758,gnd/118745425,52523
1759,gnd/118745425,55267
1760,gnd/118745425,57443
1761,gnd/118745425,59681
1762,gnd/118745425,61043
1763,gnd/118745425,61598
1764,gnd/118745425,62742
1765,gnd/118745425,65287
1766,gnd/118745425,65881
1767,gnd/118745425,67239
1768,gnd/118745425,67267
1769,gnd/118745425,67380
1770,gnd/118745425,67960
1771,gnd/118745425,68113
1772,gnd/118745425,70274
1773,gnd/118745425,71460
1774,gnd/118745425,71524
1775,gnd/118745425,71617
1776,gnd/118745425,71711
1777,gnd/118745425,72981
1778,gnd/118745425,74711
1779,gnd/118745425,74712
1780,gnd/118745425,75763
1781,gnd/118745425,76686
1782,gnd/118745425,77624
1783,gnd/118745425,79925
1784,gnd/118745425,79926
1785,gnd/118745425,80750
1786,gnd/118745425,81139
1787,gnd/118745425,81514
1788,gnd/118745425,81768
1789,gnd/118745425,83549
1790,gnd/118745425,84933
1791,gnd/118745425,86564
1792,gnd/118745425,86590
1793,gnd/118745425,87644
1794,gnd/118745425,87713
1795,gnd/118745425,89316
1796,gnd/118745425,89667
1797,gnd/118745425,89702
1798,gnd/118745425,89889
1799,gnd/118745425,92812
1800,gnd/118745425,92821
1801,gnd/118745425,92879
1802,gnd/118745425,92944
1803,gnd/118745425,93171
1804,gnd/118745425,93256
1805,gnd/118745425,93641
1806,gnd/118745425,93731
1807,gnd/118745425,95102
1808,gnd/118745425,95104
1809,gnd/118745425,95108
1810,gnd/118745425,95615
1811,gnd/118745425,96011
1812,gnd/118745425,96012
1813,gnd/118745425,96801
1814,gnd/118745425,96899
1815,gnd/118745425,96925
1816,gnd/118745425,97098
1817,gnd/118745425,97636
1818,gnd/118745425,98045
1819,gnd/118745425,98273
1820,gnd/118745425,98346
1821,gnd/118745425,98351
1822,gnd/118745425,98956
1823,gnd/118745425,99372
1824,gnd/118745425,99379
1825,gnd/118745425,99495
1826,gnd/118745425,100064
1827,gnd/118745425,100181
1828,gnd/118745425,100462
1829,gnd/118745425,100481
1830,gnd/118745425,100747
1831,gnd/118745425,101141
1832,gnd/118745425,101142
1833,gnd/118745425,101143
1834,gnd/118745425,101144
1835,gnd/118745425,101841
1836,gnd/118745425,103131
1837,gnd/118745425,103917
1838,gnd/118745425,103940
1839,gnd/118745425,104026
1840,gnd/118745425,104514
1841,gnd/118745425,104515
1842,gnd/118745425,105195
1843,gnd/118745425,105207
1844,gnd/118745425,105375
1845,gnd/118745425,106112
1846,gnd/118745425,106113
1847,gnd/118745425,106505
1848,gnd/118745425,107125
1849,gnd/118745425,107888
1850,gnd/118745425,110082
1851,gnd/118745425,110086
1852,gnd/118745425,110164
1853,gnd/118745425,110165
1854,gnd/118745425,110167
1855,gnd/118745425,110365
1856,gnd/118745425,112149
1857,gnd/118745425,112150
1858,gnd/118745425,112151
1859,gnd/118745425,112152
1860,gnd/118745425,112198
1861,gnd/118745425,112353
1862,gnd/118745425,112660
1863,gnd/118745425,112661
1864,gnd/118745425,112662
1865,gnd/118745425,112663
1866,gnd/118745425,112664
1867,gnd/118745425,112665
1868,gnd/118745425,115538
1869,gnd/118745425,115749
1870,gnd/118745425,115827
1871,gnd/118745425,116100
1872,gnd/118745425,116101
1873,gnd/118745425,116102
1874,gnd/118745425,116103
1875,gnd/118745425,116104
1876,gnd/118745425,116105
1877,gnd/118745425,116136
1878,gnd/118745425,116137
1879,gnd/118745425,116160
1880,gnd/118745425,116403
1881,gnd/118745425,116487
1882,gnd/118745425,116914
1883,gnd/118745425,117278
1884,gnd/118745425,119267
1885,gnd/118745425,119832
1886,gnd/118745425,119946
1887,gnd/118745425,120281
1888,gnd/118745425,121027
1889,gnd/118745425,121096
1890,gnd/118745425,121194
1891,gnd/118745425,121304
1892,gnd/118745425,123521
1893,gnd/118745425,123580
1894,gnd/118745425,124578
1895,gnd/118745425,127080
1896,gnd/118745425,128870
1897,gnd/118745425,129125
1898,gnd/118745425,129398
1899,gnd/118745425,132699
1900,gnd/118745425,132788
1901,gnd/118745425,143917
1902,gnd/118745425,263145
1903,gnd/118745425,263146
1904,gnd/118745425,275245
1905,gnd/118745425,286459
1906,gnd/118745425,296600
1907,gnd/118745425,300230
1908,gnd/118745425,305311
1909,gnd/118739581,10799
1910,gnd/118739581,14402
1911,gnd/118739581,25511
1912,gnd/118739581,58250
1913,gnd/118739581,80145
1914,gnd/118739581,91897
1915,gnd/118739581,114866
1916,gnd/118739581,136181
1917,gnd/118739581,147310
1918,gnd/118739581,158231
1919,gnd/118739581,169061
1920,gnd/118739581,180946
1921,gnd/118739581,191158
1922,gnd/118739581,191192
1923,gnd/118739581,191229
1924,gnd/118739581,233940
1925,gnd/118739581,237443
1926,gnd/118739581,237444
1927,gnd/118739581,237783
1928,gnd/118739581,240259
1929,gnd/118739581,243627
1930,gnd/118739581,248715
1931,gnd/118739581,248728
1932,gnd/118739581,249708
1933,gnd/118739581,251486
1934,gnd/118739581,253053
1935,gnd/118739581,253255
1936,gnd/118739581,254646
1937,gnd/118739581,258962
1938,gnd/118739581,260099
1939,gnd/118739581,260141
1940,gnd/118739581,260368
1941,gnd/118739581,261030
1942,gnd/118739581,263855
1943,gnd/118739581,265754
1944,gnd/118739581,265857
1945,gnd/118739581,288452
1946,gnd/118739581,299641
1947,gnd/118738925,108603
1948,gnd/118738925,109882
1949,gnd/118738925,110442
1950,gnd/118738925,110754
1951,gnd/118738925,111025
1952,gnd/118738925,111030
1953,gnd/118738925,128406
1954,gnd/118738925,128533
1955,gnd/118738925,129443
1956,gnd/118738925,129687
1957,gnd/118738925,129902
1958,gnd/118738925,130285
1959,gnd/118738925,130447
1960,gnd/118738925,130576
1961,gnd/118738925,131008
1962,gnd/118738925,132214
1963,gnd/118738925,133175
1964,gnd/118738925,133964
1965,gnd/118738925,134643
1966,gnd/118738925,134644
1967,gnd/118736256,1570
1968,gnd/118736256,1571
1969,gnd/118736256,5650
1970,gnd/118736256,5889
1971,gnd/118736256,6158
1972,gnd/118736256,15422
1973,gnd/118736256,18732
1974,gnd/118736256,31892
1975,gnd/118736256,37297
1976,gnd/118736256,38963
1977,gnd/118736256,40900
1978,gnd/118736256,41981
1979,gnd/118736256,51140
1980,gnd/118736256,51553
1981,gnd/118736256,53627
1982,gnd/118736256,53759
1983,gnd/118736256,54986
1984,gnd/118736256,71315
1985,gnd/118736256,95280
1986,gnd/118736256,99983
1987,gnd/118736256,102805
1988,gnd/118736256,103748
1989,gnd/118736256,103843
1990,gnd/118736256,104599
1991,gnd/118736256,115588
1992,gnd/118736256,134105
1993,gnd/118736256,134694
1994,gnd/118736256,135260
1995,gnd/118736256,137324
1996,gnd/118736256,140619
1997,gnd/118736256,142408
1998,gnd/118736256,146204
1999,gnd/118736256,153803
2000,gnd/118736256,153804
2001,gnd/118720945,11110
2002,gnd/118720945,63320
2003,gnd/118720945,66196
2004,gnd/118720945,66230
2005,gnd/118720945,70363
2006,gnd/118720945,70489
2007,gnd/118720945,70513
2008,gnd/118720945,70630
2009,gnd/118720945,70632
2010,gnd/118720945,70643
2011,gnd/118720945,70663
2012,gnd/118720945,73345
2013,gnd/118720945,73802
2014,gnd/118720945,73804
2015,gnd/118720945,73805
2016,gnd/118720945,73938
2017,gnd/118720945,74566
2018,gnd/118720945,76810
2019,gnd/118720945,77201
2020,gnd/118720945,79309
2021,gnd/118720945,79312
2022,gnd/118720945,79555
2023,gnd/118720945,79747
2024,gnd/118720945,79748
2025,gnd/118720945,81135
2026,gnd/118720945,96791
2027,gnd/118720945,98780
2028,gnd/118720945,99289
2029,gnd/118676040,214886
2030,gnd/118641182,10910
2031,gnd/118641182,18288
2032,gnd/118641182,37196
2033,gnd/118641182,37381
2034,gnd/118641182,39016
2035,gnd/118641182,39805
2036,gnd/118641182,41445
2037,gnd/118641182,58074
2038,gnd/118641182,68987
2039,gnd/118641182,72350
2040,gnd/118641182,77552
2041,gnd/118641182,82348
2042,gnd/118641182,83925
2043,gnd/118641182,84371
2044,gnd/118641182,85502
2045,gnd/118641182,85718
2046,gnd/118641182,87357
2047,gnd/118641182,88474
2048,gnd/118641182,93960
2049,gnd/118641182,94653
2050,gnd/118641182,95039
2051,gnd/118641182,95220
2052,gnd/118641182,95221
2053,gnd/118641182,95222
2054,gnd/118641182,96379
2055,gnd/118641182,96380
2056,gnd/118641182,96381
2057,gnd/118641182,96382
2058,gnd/118641182,96383
2059,gnd/118641182,97328
2060,gnd/118641182,99288
2061,gnd/118641182,100071
2062,gnd/118641182,100104
2063,gnd/118641182,100207
2064,gnd/118641182,101652
2065,gnd/118641182,103110
2066,gnd/118641182,103434
2067,gnd/118641182,103534
2068,gnd/118641182,103535
2069,gnd/118641182,103905
2070,gnd/118641182,104115
2071,gnd/118641182,104543
2072,gnd/118641182,104544
2073,gnd/118641182,104545
2074,gnd/118641182,105039
2075,gnd/118641182,105040
2076,gnd/118641182,105041
2077,gnd/118641182,105980
2078,gnd/118641182,106736
2079,gnd/118641182,106737
2080,gnd/118641182,106738
2081,gnd/118641182,106739
2082,gnd/118641182,107001
2083,gnd/118641182,107279
2084,gnd/118641182,107426
2085,gnd/118641182,107983
2086,gnd/118641182,108130
2087,gnd/118641182,108312
2088,gnd/118641182,108313
2089,gnd/118641182,108314
2090,gnd/118641182,109345
2091,gnd/118641182,109346
2092,gnd/118641182,110002
2093,gnd/118641182,110258
2094,gnd/118641182,111347
2095,gnd/118641182,115355
2096,gnd/118641182,115364
2097,gnd/118641182,115365
2098,gnd/118641182,115505
2099,gnd/118641182,115520
2100,gnd/118641182,115644
2101,gnd/118641182,116194
2102,gnd/118641182,117127
2103,gnd/118641182,117128
2104,gnd/118641182,117421
2105,gnd/118641182,118973
2106,gnd/118641182,118974
2107,gnd/118641182,118975
2108,gnd/118641182,118976
2109,gnd/118641182,119635
2110,gnd/118641182,142092
2111,gnd/118641182,291330
2112,gnd/118641182,298481
2113,gnd/118641182,298482
2114,gnd/118636596,6076
2115,gnd/118636596,6166
2116,gnd/118636596,13782
2117,gnd/118636596,22615
2118,gnd/118636596,23127
2119,gnd/118636596,24597
2120,gnd/118636596,27245
2121,gnd/118636596,29399
2122,gnd/118636596,31558
2123,gnd/118636596,31559
2124,gnd/118636596,33205
2125,gnd/118636596,34639
2126,gnd/118636596,34640
2127,gnd/118636596,34671
2128,gnd/118636596,43217
2129,gnd/118636596,43218
2130,gnd/118636596,45512
2131,gnd/118636596,45555
2132,gnd/118636596,48733
2133,gnd/118636596,53322
2134,gnd/118636596,55669
2135,gnd/118636596,60081
2136,gnd/118636596,61093
2137,gnd/118636596,71333
2138,gnd/118636596,72894
2139,gnd/118636596,75813
2140,gnd/118636596,75814
2141,gnd/118636596,75818
2142,gnd/118636596,75819
2143,gnd/118636596,75820
2144,gnd/118636596,76726
2145,gnd/118636596,76727
2146,gnd/118636596,76728
2147,gnd/118636596,85112
2148,gnd/118636596,93410
2149,gnd/118636596,93718
2150,gnd/118636596,99041
2151,gnd/118636596,99042
2152,gnd/118636596,99043
2153,gnd/118636596,99044
2154,gnd/118636596,104956
2155,gnd/118636596,107293
2156,gnd/118636596,108179
2157,gnd/118636596,109285
2158,gnd/118636596,109469
2159,gnd/118636596,112916
2160,gnd/118636596,115335
2161,gnd/118636596,115890
2162,gnd/118636596,116171
2163,gnd/118636596,117238
2164,gnd/118636596,117816
2165,gnd/118636596,118441
2166,gnd/118636596,118442
2167,gnd/118636596,118443
2168,gnd/118636596,120873
2169,gnd/118636596,120874
2170,gnd/118636596,123215
2171,gnd/118636596,251089
2172,gnd/118636596,254446
2173,gnd/118636596,262204
2174,gnd/118636596,267031
2175,gnd/118636596,269465
2176,gnd/118636596,270091
2177,gnd/118636596,273084
2178,gnd/118636596,279106
2179,gnd/118636596,282457
2180,gnd/118636596,283711
2181,gnd/118636596,287132
2182,gnd/118636596,288595
2183,gnd/118636596,288636
2184,gnd/118636596,290416
2185,gnd/118636596,290417
2186,gnd/118636596,290678
2187,gnd/118636596,290885
2188,gnd/118636596,292594
2189,gnd/118636596,293779
2190,gnd/118636596,294026
2191,gnd/118636596,294099
2192,gnd/118636596,294130
2193,gnd/118636596,294145
2194,gnd/118636596,296578
2195,gnd/118636596,297989
2196,gnd/118636596,297990
2197,gnd/118636596,298037
2198,gnd/118636596,298087
2199,gnd/118636596,298363
2200,gnd/118636596,299624
2201,gnd/118636596,299724
2202,gnd/118636596,300277
2203,gnd/118636596,303053
2204,gnd/118636596,303253
2205,gnd/118636596,304561
2206,gnd/118636596,304615
2207,gnd/118636596,305428
2208,gnd/118636596,306422
2209,gnd/118618121,5173
2210,gnd/118618121,5634
2211,gnd/118618121,6513
2212,gnd/118618121,6626
2213,gnd/118618121,8308
2214,gnd/118618121,8968
2215,gnd/118618121,9524
2216,gnd/118618121,9825
2217,gnd/118618121,9995
2218,gnd/118618121,9996
2219,gnd/118618121,10044
2220,gnd/118618121,24088
2221,gnd/118618121,34649
2222,gnd/118618121,34650
2223,gnd/118618121,39254
2224,gnd/118618121,39517
2225,gnd/118618121,40299
2226,gnd/118618121,41360
2227,gnd/118618121,43209
2228,gnd/118618121,43312
2229,gnd/118618121,47221
2230,gnd/118618121,47816
2231,gnd/118618121,58164
2232,gnd/118618121,63777
2233,gnd/118618121,80402
2234,gnd/118618121,80695
2235,gnd/118618121,136052
2236,gnd/118618121,136515
2237,gnd/118618121,158116
2238,gnd/118618121,180326
2239,gnd/118618121,202795
2240,gnd/118618121,235048
2241,gnd/118618121,237642
2242,gnd/118618121,238878
2243,gnd/118618121,240304
2244,gnd/118618121,240903
2245,gnd/118618121,240904
2246,gnd/118618121,242279
2247,gnd/118618121,242529
2248,gnd/118618121,247181
2249,gnd/118618121,259066
2250,gnd/118618121,267150
2251,gnd/118618121,267347
2252,gnd/118618121,267581
2253,gnd/118618121,268020
2254,gnd/118618121,269382
2255,gnd/118618121,269722
2256,gnd/118618121,271662
2257,gnd/118618121,272484
2258,gnd/118618121,273476
2259,gnd/118618121,276602
2260,gnd/118618121,276603
2261,gnd/118618121,279562
2262,gnd/118618121,279747
2263,gnd/118618121,279748
2264,gnd/118618121,279749
2265,gnd/118618121,282882
2266,gnd/118618121,285675
2267,gnd/118618121,285916
2268,gnd/118618121,286839
2269,gnd/118618121,290672
2270,gnd/118618121,290771
2271,gnd/118618121,292380
2272,gnd/118618121,294290
2273,gnd/118618121,294291
2274,gnd/118618121,300746
2275,gnd/118618121,302640
2276,gnd/118618121,303281
2277,gnd/118618121,303538
2278,gnd/118618121,308266
2279,gnd/118610554,1406
2280,gnd/118610554,1687
2281,gnd/118610554,5113
2282,gnd/118610554,9032
2283,gnd/118610554,9423
2284,gnd/118610554,15254
2285,gnd/118610554,17609
2286,gnd/118610554,17610
2287,gnd/118610554,27189
2288,gnd/118610554,30776
2289,gnd/118610554,32940
2290,gnd/118610554,51320
2291,gnd/118610554,51881
2292,gnd/118610554,75519
2293,gnd/118610554,76493
2294,gnd/118610554,87423
2295,gnd/118610554,92785
2296,gnd/118610554,95268
2297,gnd/118610554,96756
2298,gnd/118610554,97637
2299,gnd/118610554,100809
2300,gnd/118610554,101406
2301,gnd/118610554,101456
2302,gnd/118610554,101918
2303,gnd/118610554,104901
2304,gnd/118610554,109432
2305,gnd/118610554,111897
2306,gnd/118610554,112223
2307,gnd/118610554,112228
2308,gnd/118610554,115513
2309,gnd/118610554,115578
2310,gnd/118610554,116174
2311,gnd/118610554,116175
2312,gnd/118610554,117886
2313,gnd/118610554,117887
2314,gnd/118610554,118444
2315,gnd/118610554,119735
2316,gnd/118610554,120979
2317,gnd/118610554,121012
2318,gnd/118610554,247669
2319,gnd/118610554,258671
2320,gnd/118610554,260732
2321,gnd/118610554,260733
2322,gnd/118610554,260736
2323,gnd/118610554,300970
2324,gnd/118610554,302596
2325,gnd/118610554,302597
2326,gnd/118610554,303103
2327,gnd/118610554,306725
2328,gnd/118610554,307326
2329,gnd/118594214,120469
2330,gnd/118590111,57160
2331,gnd/118590111,63403
2332,gnd/118590111,63404
2333,gnd/118590111,71086
2334,gnd/118590111,94053
2335,gnd/118590111,96089
2336,gnd/118590111,104879
2337,gnd/118590111,107083
2338,gnd/118590111,107101
2339,gnd/118590111,107190
2340,gnd/118590111,108158
2341,gnd/118590111,109348
2342,gnd/118590111,109349
2343,gnd/118590111,110472
2344,gnd/118590111,110473
2345,gnd/118590111,110474
2346,gnd/118590111,110475
2347,gnd/118590111,118108
2348,gnd/118590111,118122
2349,gnd/118590111,118129
2350,gnd/118590111,118130
2351,gnd/118590111,118140
2352,gnd/118590111,118141
2353,gnd/118590111,118142
2354,gnd/118590111,118833
2355,gnd/118590111,118834
2356,gnd/118590111,119872
2357,gnd/118590111,119873
2358,gnd/118590111,120038
2359,gnd/118590111,120039
2360,gnd/118590111,120820
2361,gnd/118590111,121608
2362,gnd/118590111,121772
2363,gnd/118590111,121773
2364,gnd/118590111,121775
2365,gnd/118590111,121776
2366,gnd/118590111,122440
2367,gnd/118590111,122521
2368,gnd/118590111,122754
2369,gnd/118590111,123219
2370,gnd/118590111,123244
2371,gnd/118590111,123305
2372,gnd/118590111,123561
2373,gnd/118590111,126012
2374,gnd/118590111,126267
2375,gnd/118590111,126333
2376,gnd/118590111,126334
2377,gnd/118590111,126402
2378,gnd/118590111,126433
2379,gnd/118590111,126687
2380,gnd/118590111,127211
2381,gnd/118590111,127648
2382,gnd/118590111,127691
2383,gnd/118590111,129635
2384,gnd/118590111,129952
2385,gnd/118590111,131148
2386,gnd/118590111,131370
2387,gnd/118590111,132546
2388,gnd/118590111,133641
2389,gnd/118590111,133642
2390,gnd/118590111,133769
2391,gnd/118590111,134294
2392,gnd/118590111,137075
2393,gnd/118590111,137280
2394,gnd/118590111,138269
2395,gnd/118590111,138666
2396,gnd/118590111,138673
2397,gnd/118590111,139087
2398,gnd/118590111,139713
2399,gnd/118590111,142232
2400,gnd/118590111,142237
2401,gnd/118590111,143377
2402,gnd/118590111,143907
2403,gnd/118590111,144038
2404,gnd/118590111,144694
2405,gnd/118590111,145048
2406,gnd/118590111,145051
2407,gnd/118590111,145057
2408,gnd/118590111,145058
2409,gnd/118590111,145059
2410,gnd/118590111,145613
2411,gnd/118590111,146460
2412,gnd/118590111,146461
2413,gnd/118590111,146462
2414,gnd/118590111,146594
2415,gnd/118590111,148118
2416,gnd/118590111,148265
2417,gnd/118590111,148476
2418,gnd/118590111,148477
2419,gnd/118590111,148686
2420,gnd/118590111,152729
2421,gnd/118590111,155853
2422,gnd/118590111,156508
2423,gnd/118590111,157243
2424,gnd/118590111,157832
2425,gnd/118590111,159921
2426,gnd/118590111,160137
2427,gnd/118590111,160777
2428,gnd/118590111,161235
2429,gnd/118590111,161236
2430,gnd/118590111,169255
2431,gnd/118590111,170484
2432,gnd/118590111,172199
2433,gnd/118590111,184499
2434,gnd/118590111,185616
2435,gnd/118590111,186131
2436,gnd/118590111,241933
2437,gnd/118590111,242221
2438,gnd/118590111,242223
2439,gnd/118590111,242884
2440,gnd/118590111,242885
2441,gnd/118590111,245247
2442,gnd/118590111,245248
2443,gnd/118590111,245249
2444,gnd/118590111,245250
2445,gnd/118590111,247705
2446,gnd/118590111,247841
2447,gnd/118590111,247842
2448,gnd/118590111,247843
2449,gnd/118590111,247844
2450,gnd/118590111,247845
2451,gnd/118590111,247846
2452,gnd/118590111,249096
2453,gnd/118587404,13335
2454,gnd/118587404,20967
2455,gnd/118587404,26834
2456,gnd/118587404,27063
2457,gnd/118587404,27064
2458,gnd/118587404,34282
2459,gnd/118587404,37081
2460,gnd/118587404,55503
2461,gnd/118587404,55799
2462,gnd/118587404,55801
2463,gnd/118587404,59938
2464,gnd/118587404,61057
2465,gnd/118587404,64584
2466,gnd/118587404,71354
2467,gnd/118587404,74456
2468,gnd/118587404,74457
2469,gnd/118587404,74458
2470,gnd/118587404,74459
2471,gnd/118587404,75490
2472,gnd/118587404,76264
2473,gnd/118587404,77616
2474,gnd/118587404,77965
2475,gnd/118587404,78629
2476,gnd/118587404,78786
2477,gnd/118587404,79029
2478,gnd/118587404,81304
2479,gnd/118587404,81306
2480,gnd/118587404,82753
2481,gnd/118587404,85183
2482,gnd/118587404,85627
2483,gnd/118587404,85711
2484,gnd/118587404,87284
2485,gnd/118587404,88473
2486,gnd/118587404,88668
2487,gnd/118587404,89832
2488,gnd/118587404,90253
2489,gnd/118587404,90781
2490,gnd/118587404,90963
2491,gnd/118587404,90964
2492,gnd/118587404,90965
2493,gnd/118587404,92026
2494,gnd/118587404,93478
2495,gnd/118587404,93479
2496,gnd/118587404,97662
2497,gnd/118587404,101845
2498,gnd/118587404,202562
2499,gnd/118587404,237511
2500,gnd/118587404,279108
2501,gnd/118587404,295751
2502,gnd/118587404,295752
2503,gnd/118587404,295753
2504,gnd/118587404,303922
2505,gnd/118587404,304432
2506,gnd/118587404,307341
2507,gnd/118587404,307445
2508,gnd/118587404,307523
2509,gnd/118574868,106779
2510,gnd/118574868,107089
2511,gnd/118574868,118839
2512,gnd/118574868,118897
2513,gnd/118574868,121019
2514,gnd/118574868,142928
2515,gnd/118574868,148577
2516,gnd/118546139,3359
2517,gnd/118546139,3485
2518,gnd/118546139,4117
2519,gnd/118546139,5553
2520,gnd/118546139,8375
2521,gnd/118546139,16545
2522,gnd/118546139,16546
2523,gnd/118546139,26732
2524,gnd/118546139,39670
2525,gnd/118546139,39671
2526,gnd/118546139,40802
2527,gnd/118546139,41218
2528,gnd/118546139,48539
2529,gnd/118546139,48540
2530,gnd/118546139,48541
2531,gnd/118546139,53334
2532,gnd/118546139,55350
2533,gnd/118546139,55521
2534,gnd/118546139,56364
2535,gnd/118546139,56654
2536,gnd/118546139,56918
2537,gnd/118546139,57029
2538,gnd/118546139,59633
2539,gnd/118546139,59634
2540,gnd/118546139,59635
2541,gnd/118546139,59636
2542,gnd/118546139,60935
2543,gnd/118546139,61122
2544,gnd/118546139,61301
2545,gnd/118546139,61302
2546,gnd/118546139,61303
2547,gnd/118546139,64056
2548,gnd/118546139,64691
2549,gnd/118546139,64923
2550,gnd/118546139,66890
2551,gnd/118546139,66891
2552,gnd/118546139,68013
2553,gnd/118546139,72235
2554,gnd/118546139,73600
2555,gnd/118546139,74260
2556,gnd/118546139,74805
2557,gnd/118546139,75471
2558,gnd/118546139,75768
2559,gnd/118546139,76147
2560,gnd/118546139,77226
2561,gnd/118546139,77372
2562,gnd/118546139,77525
2563,gnd/118546139,78901
2564,gnd/118546139,81303
2565,gnd/118546139,81444
2566,gnd/118546139,84369
2567,gnd/118546139,84469
2568,gnd/118546139,86119
2569,gnd/118546139,86120
2570,gnd/118546139,86849
2571,gnd/118546139,87310
2572,gnd/118546139,87311
2573,gnd/118546139,87312
2574,gnd/118546139,87331
2575,gnd/118546139,88281
2576,gnd/118546139,88308
2577,gnd/118546139,90046
2578,gnd/118546139,92061
2579,gnd/118546139,92062
2580,gnd/118546139,92063
2581,gnd/118546139,92840
2582,gnd/118546139,92841
2583,gnd/118546139,93011
2584,gnd/118546139,93175
2585,gnd/118546139,93537
2586,gnd/118546139,94136
2587,gnd/118546139,94279
2588,gnd/118546139,95602
2589,gnd/118546139,95603
2590,gnd/118546139,95877
2591,gnd/118546139,95878
2592,gnd/118546139,96709
2593,gnd/118546139,96710
2594,gnd/118546139,97759
2595,gnd/118546139,97760
2596,gnd/118546139,98510
2597,gnd/118546139,100030
2598,gnd/118546139,100769
2599,gnd/118546139,100770
2600,gnd/118546139,101128
2601,gnd/118546139,101791
2602,gnd/118546139,104182
2603,gnd/118546139,104183
2604,gnd/118546139,104369
2605,gnd/118546139,104714
2606,gnd/118546139,106619
2607,gnd/118546139,107071
2608,gnd/118546139,108661
2609,gnd/118546139,108768
2610,gnd/118546139,109026
2611,gnd/118546139,110132
2612,gnd/118546139,110905
2613,gnd/118546139,110906
2614,gnd/118546139,110907
2615,gnd/118546139,112946
2616,gnd/118546139,116315
2617,gnd/118546139,116448
2618,gnd/118546139,116517
2619,gnd/118546139,116961
2620,gnd/118546139,117248
2621,gnd/118546139,117959
2622,gnd/118546139,118156
2623,gnd/118546139,118157
2624,gnd/118546139,118626
2625,gnd/118546139,118652
2626,gnd/118546139,120967
2627,gnd/118546139,121344
2628,gnd/118546139,121470
2629,gnd/118546139,121950
2630,gnd/118546139,129991
2631,gnd/118546139,213990
2632,gnd/118546139,237162
2633,gnd/118546139,271137
2634,gnd/118546139,271138
2635,gnd/118546139,273219
2636,gnd/118546139,273220
2637,gnd/118546139,273221
2638,gnd/118546139,276612
2639,gnd/118546139,292066
2640,gnd/118546139,292139
2641,gnd/118546139,295648
2642,gnd/118546139,297982
2643,gnd/118543032,14370
2644,gnd/118543032,32933
2645,gnd/118543032,36121
2646,gnd/118543032,37189
2647,gnd/118543032,41230
2648,gnd/118543032,41553
2649,gnd/118543032,51749
2650,gnd/118543032,51765
2651,gnd/118543032,51766
2652,gnd/118543032,51767
2653,gnd/118543032,51771
2654,gnd/118543032,52041
2655,gnd/118543032,52303
2656,gnd/118543032,55534
2657,gnd/118543032,59807
2658,gnd/118543032,60933
2659,gnd/118543032,63064
2660,gnd/118543032,63331
2661,gnd/118543032,67258
2662,gnd/118543032,68393
2663,gnd/118543032,68578
2664,gnd/118543032,71530
2665,gnd/118543032,73141
2666,gnd/118543032,74314
2667,gnd/118543032,74633
2668,gnd/118543032,74634
2669,gnd/118543032,74635
2670,gnd/118543032,74636
2671,gnd/118543032,74637
2672,gnd/118543032,74640
2673,gnd/118543032,74641
2674,gnd/118543032,74642
2675,gnd/118543032,84952
2676,gnd/118543032,86043
2677,gnd/118543032,88961
2678,gnd/118543032,94981
2679,gnd/118543032,101767
2680,gnd/118543032,112144
2681,gnd/118543032,112145
2682,gnd/118543032,121757
2683,gnd/118543032,124653
2684,gnd/118543032,124705
2685,gnd/118543032,273206
2686,gnd/118543032,278691
2687,gnd/118543032,279571
2688,gnd/118543032,288680
2689,gnd/118530887,48814
2690,gnd/118511270,1073
2691,gnd/118511270,6658
2692,gnd/118511270,6659
2693,gnd/118511270,7822
2694,gnd/118511270,7823
2695,gnd/118511270,8367
2696,gnd/118511270,8368
2697,gnd/118511270,8369
2698,gnd/118511270,8370
2699,gnd/118511270,8371
2700,gnd/118511270,8372
2701,gnd/118511270,8373
2702,gnd/118511270,8374
2703,gnd/118511270,9955
2704,gnd/118511270,13326
2705,gnd/118511270,16621
2706,gnd/118511270,18188
2707,gnd/118511270,22262
2708,gnd/118511270,22602
2709,gnd/118511270,22992
2710,gnd/118511270,26600
2711,gnd/118511270,26967
2712,gnd/118511270,28304
2713,gnd/118511270,30135
2714,gnd/118511270,30344
2715,gnd/118511270,30421
2716,gnd/118511270,30956
2717,gnd/118511270,31013
2718,gnd/118511270,31279
2719,gnd/118511270,32761
2720,gnd/118511270,35016
2721,gnd/118511270,41233
2722,gnd/118511270,41395
2723,gnd/118511270,41626
2724,gnd/118511270,41952
2725,gnd/118511270,41953
2726,gnd/118511270,42521
2727,gnd/118511270,43052
2728,gnd/118511270,43874
2729,gnd/118511270,44530
2730,gnd/118511270,46899
2731,gnd/118511270,49234
2732,gnd/118511270,49768
2733,gnd/118511270,52339
2734,gnd/118511270,53487
2735,gnd/118511270,54683
2736,gnd/118511270,55205
2737,gnd/118511270,56416
2738,gnd/118511270,56628
2739,gnd/118511270,57968
2740,gnd/118511270,59607
2741,gnd/118511270,62574
2742,gnd/118511270,66541
2743,gnd/118511270,72650
2744,gnd/118511270,73626
2745,gnd/118511270,73953
2746,gnd/118511270,73954
2747,gnd/118511270,75461
2748,gnd/118511270,77526
2749,gnd/118511270,88232
2750,gnd/118511270,89419
2751,gnd/118511270,90937
2752,gnd/118511270,93961
2753,gnd/118511270,93995
2754,gnd/118511270,94827
2755,gnd/118511270,95016
2756,gnd/118511270,95037
2757,gnd/118511270,95138
2758,gnd/118511270,95211
2759,gnd/118511270,96445
2760,gnd/118511270,96446
2761,gnd/118511270,96465
2762,gnd/118511270,96902
2763,gnd/118511270,97028
2764,gnd/118511270,97318
2765,gnd/118511270,98038
2766,gnd/118511270,98568
2767,gnd/118511270,98940
2768,gnd/118511270,99444
2769,gnd/118511270,99955
2770,gnd/118511270,99956
2771,gnd/118511270,106669
2772,gnd/118511270,108218
2773,gnd/118511270,108337
2774,gnd/118511270,191651
2775,gnd/118511270,244873
2776,gnd/118511270,256132
2777,gnd/118511270,259800
2778,gnd/118511270,266775
2779,gnd/118511270,266832
2780,gnd/118511270,267053
2781,gnd/118511270,269131
2782,gnd/118511270,269438
2783,gnd/118511270,269968
2784,gnd/118511270,272111
2785,gnd/118511270,279254
2786,gnd/118511270,281184
2787,gnd/118511270,283019
2788,gnd/118511270,283064
2789,gnd/118511270,287005
2790,gnd/118511270,288684
2791,gnd/118511270,288685
2792,gnd/118511270,289139
2793,gnd/118511270,289140
2794,gnd/118511270,289141
2795,gnd/118511270,289142
2796,gnd/118511270,289144
2797,gnd/118511270,289353
2798,gnd/118511270,291251
2799,gnd/118511270,291931
2800,gnd/118511270,294399
2801,gnd/118511270,295920
2802,gnd/118511270,296093
2803,gnd/118511270,298331
2804,gnd/118511270,303009
2805,gnd/118511270,304516
2806,gnd/118511270,304794
2807,gnd/118511270,305630
2808,gnd/118511270,305837
2809,gnd/118505076,48743
2810,gnd/118505076,51947
2811,gnd/118505076,96489
2812,gnd/118505076,96662
2813,gnd/118505076,103008
2814,gnd/118505076,117885
2815,gnd/118505076,121010
2816,gnd/118505076,129757
2817,gnd/118505076,140486
2818,gnd/118505076,159378
2819,gnd/118505076,184755
2820,gnd/118505076,185324
2821,gnd/118505076,185990
2822,gnd/118503472,7824
2823,gnd/118503472,11747
2824,gnd/118503472,16720
2825,gnd/118503472,20606
2826,gnd/118503472,23022
2827,gnd/118503472,24656
2828,gnd/118503472,24657
2829,gnd/118503472,27903
2830,gnd/118503472,34014
2831,gnd/118503472,41352
2832,gnd/118503472,51498
2833,gnd/118503472,53041
2834,gnd/118503472,54749
2835,gnd/118503472,59171
2836,gnd/118503472,62816
2837,gnd/118503472,65920
2838,gnd/118503472,70582
2839,gnd/118503472,255680
2840,gnd/118503472,256103
2841,gnd/118503472,262959
2842,gnd/118503472,262960
2843,gnd/118503472,272385
2844,gnd/118503472,283785
2845,gnd/118503472,288688
2846,gnd/118503472,288689
2847,gnd/118503472,290544
2848,gnd/118503472,292591
2849,gnd/118503472,292592
2850,gnd/118503472,292593
2851,gnd/118503472,294547
2852,gnd/118503472,295081
2853,gnd/118503472,298478
2854,gnd/118502883,5
2855,gnd/118502883,7489
2856,gnd/118502883,8628
2857,gnd/118502883,31688
2858,gnd/118502883,41554
2859,gnd/118502883,42908
2860,gnd/118502883,70828
2861,gnd/118502883,82759
2862,gnd/118502883,83662
2863,gnd/118502883,86336
2864,gnd/118502883,87925
2865,gnd/118502883,97985
2866,gnd/118502883,98650
2867,gnd/118502883,98775
2868,gnd/118502883,99081
2869,gnd/118502883,103309
2870,gnd/118502883,103310
2871,gnd/118502883,104455
2872,gnd/118502883,110570
2873,gnd/118502883,110927
2874,gnd/118502883,111110
2875,gnd/118502883,111475
2876,gnd/118502883,111512
2877,gnd/118502883,111513
2878,gnd/118502883,112226
2879,gnd/118502883,112227
2880,gnd/118502883,112229
2881,gnd/118502883,112325
2882,gnd/118502883,112744
2883,gnd/118502883,115395
2884,gnd/118502883,115478
2885,gnd/118502883,116499
2886,gnd/118502883,116874
2887,gnd/118502883,116910
2888,gnd/118502883,119663
2889,gnd/118502883,121701
2890,gnd/118502883,130827
2891,gnd/118502883,133819
2892,gnd/118502883,134218
2893,gnd/118502883,135362
2894,gnd/118502883,142940
2895,gnd/118502883,143868
2896,gnd/118502883,144901
2897,gnd/118502883,149294
2898,gnd/118502883,150883
2899,gnd/118502883,152603
2900,gnd/118502883,153618
2901,gnd/118502883,153619
2902,gnd/118502883,161100
2903,gnd/118502883,168205
2904,gnd/118502883,168707
2905,gnd/118502883,168977
2906,gnd/118502883,170812
2907,gnd/118502883,170854
2908,gnd/118502883,171350
2909,gnd/118502883,171351
2910,gnd/118502883,173191
2911,gnd/118502883,174387
2912,gnd/118502883,176665
2913,gnd/118502883,176806
2914,gnd/118502883,176807
2915,gnd/118502883,176837
2916,gnd/118502883,176838
2917,gnd/118502883,179637
2918,gnd/118502883,179952
2919,gnd/118502883,181123
2920,gnd/118502883,181221
2921,gnd/118502883,184082
2922,gnd/118502883,184343
2923,gnd/118502883,184344
2924,gnd/118502883,184433
2925,gnd/118502883,186388
2926,gnd/118502883,187311
2927,gnd/118502883,187505
2928,gnd/118502883,187507
2929,gnd/118502883,187950
2930,gnd/118502883,188650
2931,gnd/118502883,188925
2932,gnd/118502883,190313
2933,gnd/118502883,190682
2934,gnd/118502883,190684
2935,gnd/118502883,192848
2936,gnd/118502883,192862
2937,gnd/118502883,194432
2938,gnd/118502883,194473
2939,gnd/118502883,209985
2940,gnd/118502883,294016
2941,gnd/118502883,303153
2942,gnd/118500147,9741
2943,gnd/118500147,18523
2944,gnd/118500147,20106
2945,gnd/118500147,20179
2946,gnd/118500147,20280
2947,gnd/118500147,20564
2948,gnd/118500147,20565
2949,gnd/118500147,21948
2950,gnd/118500147,24319
2951,gnd/118500147,27549
2952,gnd/118500147,27550
2953,gnd/118500147,30823
2954,gnd/118500147,30824
2955,gnd/118500147,30825
2956,gnd/118500147,39391
2957,gnd/118500147,57064
2958,gnd/118500147,57065
2959,gnd/118500147,57066
2960,gnd/118500147,65005
2961,gnd/118500147,68054
2962,gnd/118500147,68435
2963,gnd/118500147,71082
2964,gnd/118500147,81120
2965,gnd/118500147,81121
2966,gnd/118500147,82200
2967,gnd/118500147,84060
2968,gnd/118500147,88604
2969,gnd/118500147,92201
2970,gnd/118500147,92202
2971,gnd/118500147,269214
2972,gnd/118500147,269215
2973,gnd/118500147,269216
2974,gnd/118500147,305443
2975,gnd/118500147,307524
2976,gnd/118017985,160808
2977,gnd/118017985,161660
2978,gnd/117614963,79223
2979,gnd/117614963,79260
2980,gnd/117614963,79266
2981,gnd/117614963,83115
2982,gnd/117614963,83228
2983,gnd/117614963,83853
2984,gnd/117614963,85436
2985,gnd/117614963,86244
2986,gnd/117614963,86796
2987,gnd/117614963,86879
2988,gnd/117614963,87015
2989,gnd/117614963,88390
2990,gnd/117614963,89012
2991,gnd/117614963,89116
2992,gnd/117614963,89561
2993,gnd/117614963,257044
2994,gnd/117536563,33491
2995,gnd/117536563,46474
2996,gnd/117536563,49883
2997,gnd/117536563,50268
2998,gnd/117536563,51869
2999,gnd/117536563,70383
3000,gnd/117536563,73742
3001,gnd/117536563,76651
3002,gnd/117536563,78820
3003,gnd/117536563,79627
3004,gnd/117536563,79628
3005,gnd/117536563,84946
3006,gnd/117536563,86366
3007,gnd/117536563,101091
3008,gnd/117536563,101092
3009,gnd/117536563,101093
3010,gnd/117536563,110959
3011,gnd/117536563,142550
3012,gnd/117536563,144778
3013,gnd/117536563,145132
3014,gnd/117536563,145644
3015,gnd/117536563,145672
3016,gnd/117536563,149230
3017,gnd/117536563,152674
3018,gnd/117536563,154328
3019,gnd/117536563,154436
3020,gnd/117536563,154710
3021,gnd/117536563,159855
3022,gnd/117536563,161643
3023,gnd/117536563,161969
3024,gnd/117536563,162423
3025,gnd/117536563,163726
3026,gnd/117536563,164451
3027,gnd/117536563,164458
3028,gnd/117536563,164637
3029,gnd/117536563,164638
3030,gnd/117536563,165581
3031,gnd/117536563,170495
3032,gnd/117536563,172161
3033,gnd/117536563,172529
3034,gnd/117536563,292431
3035,gnd/117536563,293919
3036,gnd/117536563,302425
3037,gnd/117395218,9063
3038,gnd/117395218,21927
3039,gnd/117395218,21981
3040,gnd/117395218,147600
3041,gnd/117395218,191197
3042,gnd/117395218,224648
3043,gnd/117395218,257874
3044,gnd/117395218,260428
3045,gnd/117395218,272805
3046,gnd/117395218,276427
3047,gnd/117395218,297742
3048,gnd/117284335,5228
3049,gnd/117284335,9946
3050,gnd/117284335,17060
3051,gnd/117284335,18494
3052,gnd/117284335,22707
3053,gnd/117284335,75006
3054,gnd/117284335,78307
3055,gnd/117284335,136866
3056,gnd/117284335,147607
3057,gnd/117284335,158312
3058,gnd/117284335,169844
3059,gnd/117284335,180458
3060,gnd/117284335,213390
3061,gnd/117284335,213394
3062,gnd/117284335,213432
3063,gnd/117284335,235519
3064,gnd/117284335,235613
3065,gnd/117284335,236260
3066,gnd/117284335,239270
3067,gnd/117284335,242061
3068,gnd/117284335,245484
3069,gnd/117284335,248322
3070,gnd/117284335,255358
3071,gnd/117284335,260374
3072,gnd/117284335,271439
3073,gnd/117284335,276642
3074,gnd/117284335,282902
3075,gnd/117284335,287256
3076,gnd/117284335,294733
3077,gnd/117284335,295556
3078,gnd/117284335,303359
3079,gnd/117284335,307515
3080,gnd/117256145,116419
3081,gnd/117256145,116420
3082,gnd/117256145,116424
3083,gnd/117256145,118051
3084,gnd/117256145,118616
3085,gnd/117256145,119033
3086,gnd/117256145,159049
3087,gnd/117256145,165731
3088,gnd/117256145,181904
3089,gnd/117256145,189997
3090,gnd/117256145,193159
3091,gnd/117256145,199089
3092,gnd/117256145,206239
3093,gnd/117256145,206240
3094,gnd/117256145,206940
3095,gnd/117256145,207792
3096,gnd/117256145,209393
3097,gnd/117256145,209394
3098,gnd/117256145,218918
3099,gnd/117256145,230270
3100,gnd/117256145,232069
3101,gnd/117256145,232070
3102,gnd/117011312,107772
3103,gnd/117011312,108858
3104,gnd/117011312,108859
3105,gnd/117011312,108860
3106,gnd/117011312,108861
3107,gnd/117011312,108862
3108,gnd/117011312,126583
3109,gnd/117011312,150536
3110,gnd/117011312,161999
3111,gnd/117011312,163842
3112,gnd/117011312,179883
3113,gnd/117011312,182801
3114,gnd/117011312,182802
3115,gnd/117011312,182804
3116,gnd/117011312,184054
3117,gnd/117011312,184055
3118,gnd/117011312,197053
3119,gnd/117011312,209550
3120,gnd/117011312,209713
3121,gnd/117011312,210481
3122,gnd/117011312,214491
3123,gnd/117011312,215811
3124,gnd/117011312,217708
3125,gnd/117011312,218212
3126,gnd/116678909,304835
3127,gnd/116048611,122600
3128,gnd/116048611,127053
3129,gnd/116048611,127422
3130,gnd/116048611,129013
3131,gnd/116048611,129705
3132,gnd/116048611,129995
3133,gnd/115850945,60971
3134,gnd/115834192,24573
3135,gnd/115834192,27220
3136,gnd/115834192,40978
3137,gnd/115834192,44002
3138,gnd/115834192,55410
3139,gnd/115834192,59918
3140,gnd/115834192,62215
3141,gnd/115827366,165216
3142,gnd/115827366,165217
3143,gnd/115795685,101080
3144,gnd/115795685,101451
3145,gnd/115795685,106923
3146,gnd/115795685,155288
3147,gnd/115795685,157738
3148,gnd/115795685,160807
3149,gnd/115793615,137115
3150,gnd/115732667,103560
3151,gnd/115732667,103930
3152,gnd/115732667,104918
3153,gnd/115732667,105879
3154,gnd/115732667,107380
3155,gnd/115691928,161368
3156,gnd/115627332,74342
3157,gnd/115627332,84905
3158,gnd/115614907,77534
3159,gnd/115614540,130409
3160,gnd/115533710,292842
3161,gnd/115465820,72629
3162,gnd/115431225,116391
3163,gnd/115367969,116096
3164,gnd/104357541,172110
3165,gnd/104357541,175887
3166,gnd/104357541,179273
3167,gnd/104357541,179274
3168,gnd/104357541,179385
3169,gnd/104357541,186000
3170,gnd/104357541,186662
3171,gnd/104357541,189472
3172,gnd/104357541,190803
3173,gnd/104357541,192082
3174,gnd/104348348,146022
3175,gnd/104333316,77855
3176,gnd/104333316,78271
3177,gnd/104333316,78779
3178,gnd/104333316,78855
3179,gnd/104333316,78856
3180,gnd/104333316,78857
3181,gnd/104333316,78858
3182,gnd/104333316,78860
3183,gnd/104333316,78861
3184,gnd/104333316,78863
3185,gnd/104333316,79507
3186,gnd/104333316,79698
3187,gnd/104333316,82628
3188,gnd/104333316,85220
3189,gnd/104333316,293544
3190,gnd/104333316,294707
3191,gnd/104324961,106460
3192,gnd/104324961,107589
3193,gnd/104324961,108228
3194,gnd/104324961,108506
3195,gnd/104324961,108507
3196,gnd/104324961,108513
3197,gnd/104324961,108540
3198,gnd/104324961,108560
3199,gnd/104324961,108564
3200,gnd/104324961,108895
3201,gnd/104324961,110383
3202,gnd/104324961,110948
3203,gnd/104324961,111234
3204,gnd/104324961,112021
3205,gnd/104324961,115560
3206,gnd/104324961,262655
3207,gnd/104324961,295628
3208,gnd/104324961,297907
3209,gnd/104313471,18850
3210,gnd/104313471,48156
3211,gnd/104313471,251776
3212,gnd/104246073,92514
3213,gnd/104177586,246785
3214,gnd/104177586,247736
3215,gnd/104177586,249040
3216,gnd/104177586,249041
3217,gnd/104176202,77323
3218,gnd/104176202,78201
3219,gnd/104176202,78721
3220,gnd/104176202,78723
3221,gnd/104176202,82088
3222,gnd/104174420,45346
3223,gnd/104077867,76090
3224,gnd/104077867,88937
3225,gnd/104077867,117716
3226,gnd/104077867,120731
3227,gnd/104077867,131332
3228,gnd/103125434,127946
3229,gnd/103125434,273907
3230,gnd/102524653,112312
3231,gnd/102305889,46010
3232,gnd/102239452,192388
3233,gnd/102239452,192389
3234,gnd/102116156,126646
3235,gnd/102116156,126660
3236,gnd/102116156,127204
3237,gnd/102116156,128395
3238,gnd/102116156,128613
3239,gnd/102116156,128614
3240,gnd/102116156,132496
3241,gnd/102116156,141352
3242,gnd/102116156,142743
3243,gnd/102116156,150035
3244,gnd/102109176,192224
3245,gnd/102109176,192251
3246,gnd/102109176,192266
3247,gnd/102109176,195945
3248,gnd/102109168,18262
3249,gnd/102109168,32379
3250,gnd/102109168,44762
3251,gnd/102109168,45365
3252,gnd/102109168,56499
3253,gnd/102109168,56503
3254,gnd/102109168,61209
3255,gnd/102109168,72277
3256,gnd/102109168,72278
3257,gnd/102109168,72507
3258,gnd/102109168,82671
3259,gnd/102109168,88104
3260,gnd/102109168,88105
3261,gnd/102109168,88106
3262,gnd/102109168,88333
3263,gnd/102109168,90768
3264,gnd/102109168,90769
3265,gnd/102109168,94067
3266,gnd/102109168,94378
3267,gnd/102109168,94381
3268,gnd/102109168,96694
3269,gnd/102109168,100151
3270,gnd/102109168,100152
3271,gnd/102109168,103389
3272,gnd/102109168,103630
3273,gnd/102109168,105749
3274,gnd/102109168,106051
3275,gnd/102109168,108067
3276,gnd/102109168,115401
3277,gnd/102109168,116058
3278,gnd/102109168,116059
3279,gnd/102109168,116060
3280,gnd/102109168,116061
3281,gnd/102109168,116062
3282,gnd/102109168,116063
3283,gnd/102109168,116064
3284,gnd/102109168,116066
3285,gnd/102109168,116067
3286,gnd/102109168,116068
3287,gnd/102109168,117782
3288,gnd/102109168,117786
3289,gnd/102109036,163652
3290,gnd/102109036,163653
3291,gnd/102109036,163655
3292,gnd/102109028,282030
3293,gnd/102104387,68442
3294,gnd/102104387,96646
3295,gnd/102104387,106142
3296,gnd/102104387,121619
3297,gnd/102035229,74448
3298,gnd/102035229,81699
3299,gnd/102017433,140934
3300,gnd/102017433,151004
3301,gnd/102017433,153601
3302,gnd/102017433,168773
3303,gnd/102017433,170003
3304,gnd/102017433,183008
3305,gnd/102017433,183009
3306,gnd/102017433,183010
3307,gnd/102017433,183011
3308,gnd/102017433,183012
3309,gnd/102017433,183024
3310,gnd/102017433,183025
3311,gnd/102017433,183026
3312,gnd/102017433,183027
3313,gnd/102017433,183028
3314,gnd/102017433,186166
3315,gnd/102017433,186167
3316,gnd/102017433,186168
3317,gnd/102017433,186169
3318,gnd/102017433,186170
3319,gnd/102017433,186171
3320,gnd/102017433,186172
3321,gnd/102017433,186173
3322,gnd/102017433,186174
3323,gnd/102017433,186175
3324,gnd/102017433,186176
3325,gnd/102017433,189055
3326,gnd/102017433,189056
3327,gnd/102017433,189057
3328,gnd/102017433,189058
3329,gnd/102017433,189059
3330,gnd/102017433,189060
3331,gnd/102017433,189061
3332,gnd/102017433,189066
3333,gnd/102017433,189067
3334,gnd/102017433,189083
3335,gnd/102017433,189084
3336,gnd/102017433,189085
3337,gnd/102017433,189086
3338,gnd/102017433,189087
3339,gnd/102017433,189088
3340,gnd/102017433,189089
3341,gnd/102017433,193034
3342,gnd/102017433,193090
3343,gnd/102017433,196075
3344,gnd/102017433,196076
3345,gnd/102017433,196077
3346,gnd/102017433,196078
3347,gnd/102017433,196079
3348,gnd/102017433,196129
3349,gnd/102017433,215541
3350,gnd/101250797,2081
3351,gnd/101250797,49129
3352,gnd/101250797,49260
3353,gnd/101250797,50089
3354,gnd/101250797,50362
3355,gnd/101250797,60088
3356,gnd/101250797,77919
3357,gnd/101250797,276921
3358,gnd/101250797,298900
3359,gnd/101248571,68599
3360,gnd/101248571,71087
3361,gnd/101248571,112799
3362,gnd/101248571,116633
3363,gnd/100878962,2819
3364,gnd/100878962,13313
3365,gnd/100878962,110354
3366,gnd/100878962,110666
3367,gnd/100878962,110856
3368,gnd/100878962,116658
3369,gnd/100878962,117142
3370,gnd/100878962,117166
3371,gnd/100878962,117168
3372,gnd/100878962,117324
3373,gnd/100878962,120236
3374,gnd/100878962,120717
3375,gnd/100878962,120832
3376,gnd/100878962,121631
3377,gnd/100878962,122131
3378,gnd/100878962,122272
3379,gnd/100878962,122648
3380,gnd/100878962,123123
3381,gnd/100878962,123124
3382,gnd/100878962,123220
3383,gnd/100878962,123530
3384,gnd/100878962,123696
3385,gnd/100878962,123905
3386,gnd/100878962,123925
3387,gnd/100878962,124257
3388,gnd/100878962,124872
3389,gnd/100878962,126066
3390,gnd/100878962,126605
3391,gnd/100878962,126775
3392,gnd/100878962,127320
3393,gnd/100878962,127817
3394,gnd/100878962,128521
3395,gnd/100878962,128522
3396,gnd/100878962,129129
3397,gnd/100878962,129348
3398,gnd/100878962,129349
3399,gnd/100878962,129350
3400,gnd/100878962,129351
3401,gnd/100878962,129352
3402,gnd/100878962,129548
3403,gnd/100878962,129838
3404,gnd/100878962,130244
3405,gnd/100878962,130406
3406,gnd/100878962,130428
3407,gnd/100878962,130430
3408,gnd/100878962,130937
3409,gnd/100878962,130944
3410,gnd/100878962,244710
3411,gnd/100858457,208776
3412,gnd/100818684,64696
3413,gnd/100818684,67159
3414,gnd/100818684,67160
3415,gnd/100818684,67161
3416,gnd/100818684,112752
3417,gnd/100818684,117187
3418,gnd/100818684,124212
3419,gnd/100818684,124213
3420,gnd/100818684,124214
3421,gnd/100818684,246022
3422,gnd/100551645,1511
3423,gnd/100551645,2320
3424,gnd/100551645,4533
3425,gnd/100551645,5118
3426,gnd/100551645,5446
3427,gnd/100551645,5727
3428,gnd/100551645,7461
3429,gnd/100551645,7775
3430,gnd/100551645,8242
3431,gnd/100551645,8354
3432,gnd/100551645,9467
3433,gnd/100551645,10777
3434,gnd/100551645,10778
3435,gnd/100551645,13580
3436,gnd/100551645,15416
3437,gnd/100551645,16191
3438,gnd/100551645,16485
3439,gnd/100551645,17087
3440,gnd/100551645,17410
3441,gnd/100551645,17495
3442,gnd/100551645,18373
3443,gnd/100551645,18910
3444,gnd/100551645,19365
3445,gnd/100551645,20017
3446,gnd/100551645,20076
3447,gnd/100551645,20333
3448,gnd/100551645,20903
3449,gnd/100551645,21008
3450,gnd/100551645,21048
3451,gnd/100551645,22534
3452,gnd/100551645,22557
3453,gnd/100551645,24678
3454,gnd/100551645,26831
3455,gnd/100551645,38483
3456,gnd/100551645,51662
3457,gnd/100551645,64415
3458,gnd/100551645,108075
3459,gnd/100551645,202192
3460,gnd/100551645,247394
3461,gnd/100551645,248195
3462,gnd/100551645,258971
3463,gnd/100551645,258972
3464,gnd/100551645,259345
3465,gnd/100551645,260279
3466,gnd/100551645,262039
3467,gnd/100551645,262429
3468,gnd/100551645,262702
3469,gnd/100551645,263060
3470,gnd/100551645,263082
3471,gnd/100551645,265941
3472,gnd/100551645,269332
3473,gnd/100551645,274778
3474,gnd/100551645,275574
3475,gnd/100551645,282828
3476,gnd/100551645,283855
3477,gnd/100551645,287429
3478,gnd/100551645,293062
3479,gnd/100551645,296443
3480,gnd/100551645,297091
3481,gnd/100551645,301935
3482,gnd/100551645,302525
3483,gnd/100551645,306097
3484,gnd/100551645,306110
3485,gnd/100551645,306111
3486,gnd/100487831,110234
3487,gnd/100487831,132160
3488,gnd/100487831,156089
3489,gnd/100487831,167700
3490,gnd/100487831,170635
3491,gnd/100487831,172075
3492,gnd/100487831,174573
3493,gnd/100487831,174620
3494,gnd/100487831,174825
3495,gnd/100487831,177722
3496,gnd/100487831,179532
3497,gnd/100401546,78783
3498,gnd/100401546,82835
3499,gnd/100401546,82836
3500,gnd/100401546,82837
3501,gnd/100401546,82838
3502,gnd/100401546,82839
3503,gnd/100401546,82840
3504,gnd/100401546,82841
3505,gnd/100401546,82842
3506,gnd/100401546,83068
3507,gnd/100401546,85290
3508,gnd/100401546,85402
3509,gnd/100401546,85404
3510,gnd/100401546,85806
3511,gnd/100401546,85807
3512,gnd/100401546,85808
3513,gnd/100401546,85809
3514,gnd/100401546,85810
3515,gnd/100401546,85811
3516,gnd/100401546,85812
3517,gnd/100401546,85813
3518,gnd/100401546,85814
3519,gnd/100401546,85815
3520,gnd/100401546,85816
3521,gnd/100401546,85817
3522,gnd/100401546,85818
3523,gnd/100401546,85819
3524,gnd/100401546,85820
3525,gnd/100401546,85821
3526,gnd/100401546,85822
3527,gnd/100401546,85823
3528,gnd/100401546,85824
3529,gnd/100401546,85825
3530,gnd/100401546,86106
3531,gnd/100401546,86933
3532,gnd/100401546,88358
3533,gnd/100401546,88359
3534,gnd/100401546,88361
3535,gnd/100401546,88365
3536,gnd/100401546,90974
3537,gnd/100401546,94774
3538,gnd/100401546,180290
3539,gnd/100401546,180961
3540,gnd/100401546,180962
3541,gnd/100268579,40308
3542,gnd/100268579,42354
3543,gnd/100268579,43920
3544,gnd/100268579,44643
3545,gnd/100268579,49045
3546,gnd/100268579,49243
3547,gnd/100268579,61022
3548,gnd/100268579,74910
3549,gnd/100268579,75725
3550,gnd/100268579,87451
3551,gnd/100268579,87500
3552,gnd/100268579,96961
3553,gnd/100268579,111345
3554,gnd/100268579,112785
3555,gnd/100268579,116586
3556,gnd/100268579,116861
3557,gnd/100268579,118175
3558,gnd/100268579,118514
3559,gnd/100268579,118960
3560,gnd/100268579,119845
3561,gnd/100268579,120988
3562,gnd/100098355,92921
3563,gnd/100098355,107291
3564,gnd/100098355,126979
3565,gnd/100014704,119833
3566,gnd/104105712,2579
3567,gnd/104105712,37391
3568,gnd/104105712,38556
3569,gnd/122957245,191793
3570,gnd/104208821,76148
3571,gnd/104208821,78742
3572,gnd/104208821,92259
3573,gnd/128689021,103717
